candidate_id,source_case_id,genre,requested_length,seq_len,depth,needle_block,paired_outcome,prompt_build_seconds,dense_exact,compiled_exact,dense_answer,compiled_answer,dense_request_seconds,compiled_request_seconds,case_speedup,dense_prefill_seconds,compiled_prefill_seconds,dense_peak_memory_allocated_gb,compiled_peak_memory_allocated_gb,dense_peak_memory_reserved_gb,compiled_peak_memory_reserved_gb,compiled_input_tokens,compression_fraction,selected_contains_needle,expanded_contains_needle,visited_nodes,prompt_sha256
paper_geology_vesper_member_L16384_d0.1_s20260728,paper_geology_vesper_member,geological survey bulletin,16384,16339,0.1,25,both_correct,1.0902949119999903,1,1,Vesper Member,Vesper Member,1.752717776000054,0.2989558100000522,5.862798839734032,1.6087653590000173,0.1240119379999669,4.657718272,3.273017344,5.083496448,5.083496448,1833,0.11218556827223208,0,1,159,3DB86D347B4D738E64249329CFB7BB3A94F0AC39AC3962F63C74C6C707EE595F
paper_geology_vesper_member_L16384_d0.5_s20260728,paper_geology_vesper_member,geological survey bulletin,16384,16346,0.5,127,both_correct,1.1897006799999872,1,1,Vesper Member,Vesper Member,1.7576588199999605,0.3224751529999139,5.450524803690627,1.6134540030000153,0.1467861600000333,4.657711104,3.296877568,5.083496448,5.083496448,2077,0.1270647253150618,1,1,159,5007824F66F0CDA1D2BA14EB44B3D3654AE1BA02A03C6CC84BD5AD8A1B3D4797
paper_geology_vesper_member_L16384_d0.9_s20260728,paper_geology_vesper_member,geological survey bulletin,16384,16349,0.9,227,both_correct,1.2122347279999985,1,1,Vesper Member,Vesper Member,1.7624377820000063,0.2999306510000679,5.87615095730782,1.6173832849999599,0.12515656200002923,4.657708032,3.284652544,5.083496448,5.083496448,1970,0.1204966664627806,0,1,159,63B0EDB42B5B10F347A4FAA5B2018CD528B0D1ED01B55202B429FA711B3B4DE2
paper_clinical_nalorex_18mg_L16384_d0.1_s20260728,paper_clinical_nalorex_18mg,clinical protocol amendment,16384,16348,0.1,25,both_correct,1.224118178000026,1,1,18 milligrams,18 milligrams,1.8032139409999672,0.33221156100000826,5.427908455599841,1.6226617699999224,0.12519661999999698,4.657709056,3.283224576,5.083496448,5.083496448,1955,0.11958649376070467,1,1,159,C2F8C44DF7D2BB03948F140905AE52D62DBDBF85E2B4F4A592571443FAEBE529
paper_clinical_nalorex_18mg_L16384_d0.5_s20260728,paper_clinical_nalorex_18mg,clinical protocol amendment,16384,16348,0.5,127,both_correct,1.2332149259999596,1,1,18 milligrams,18 milligrams,1.8098559860000023,0.3033189190000485,5.966841738611475,1.6342158339999742,0.10061753800005135,4.657709056,3.24893184,5.083496448,5.083496448,1595,0.09756545143136774,1,1,159,29210459542BE301EF14E8BFF9BD99448E963DFDFC971B7D05D8C0AF45725723
paper_clinical_nalorex_18mg_L16384_d0.9_s20260728,paper_clinical_nalorex_18mg,clinical protocol amendment,16384,16348,0.9,227,both_correct,1.2546752369999012,1,1,18 milligrams,18 milligrams,1.8087614459999486,0.30081593900001735,6.012851087654116,1.6315764810000246,0.09645777099990482,4.657709056,3.235119616,5.083496448,5.083496448,1450,0.08869586493760705,1,1,159,7134B03CFA83202BFF809759C8184459630879D6228CE08399B3FE6D209B847D
paper_archive_heron_case_L16384_d0.1_s20260728,paper_archive_heron_case,diplomatic archive inventory,16384,16345,0.1,25,both_correct,1.103047120000042,1,1,Heron document case,Heron,1.8104175789999317,0.27380783000000974,6.61200075615028,1.6341103959999828,0.1263486359999888,4.657712128,3.284843008,5.083496448,5.083496448,1972,0.12064851636586112,1,1,159,E8F3C4481FC4213A1787E37265E70F47427E55887253178A1E787B2BC722B60D
paper_archive_heron_case_L16384_d0.5_s20260728,paper_archive_heron_case,diplomatic archive inventory,16384,16350,0.5,127,both_correct,1.1549276689999033,1,1,Heron,Heron,1.7494205079999574,0.22504293100007544,7.77371899764037,1.6346174340000061,0.08491712299996834,4.657707008,3.2174976,5.083496448,5.083496448,1265,0.07737003058103975,1,1,159,A866B59A520B7E1D791E4160237181B5185DE36A359AC95075A6CA8A8AC71CD4
paper_archive_heron_case_L16384_d0.9_s20260728,paper_archive_heron_case,diplomatic archive inventory,16384,16351,0.9,228,both_correct,1.2346147789999122,1,1,Heron document case,Heron document case,1.8175374990000819,0.29926257900001474,6.073387140728986,1.6420825029999833,0.09743793200004802,4.657705984,3.23740672,5.083496448,5.083496448,1474,0.09014739159684423,1,1,159,E782A5D2AE6335BEFB68C84F7D0E57964537B1C3B66370CECC181A0EF17A8995
paper_software_solstice_socket_L16384_d0.1_s20260728,paper_software_solstice_socket,software operations manual,16384,16347,0.1,25,both_correct,1.0980610489999663,1,1,run/solstice/control.sock,run/solstice/control.sock,1.912599984999929,0.4033234749999792,4.742099340981894,1.673595961999922,0.12921248300006027,4.65771008,3.290463744,5.0855936,5.0855936,2031,0.12424298036336942,1,1,159,CF12CABE5DBBC577C2B65A1686520DE6350D85E5EFF5B5951B584A59A1EB3C8F
paper_software_solstice_socket_L16384_d0.5_s20260728,paper_software_solstice_socket,software operations manual,16384,16352,0.5,127,both_correct,1.1538412940000171,1,1,run/solstice/control.sock,run/solstice/control.sock,1.9003016169999682,0.3230568779999885,5.882250917437628,1.6633895969999912,0.06083006200003638,4.65770496,3.192467456,5.0855936,5.0855936,999,0.06109344422700587,1,1,159,60B66E85601CDCA8D059F5EAF06EB902D3729AD6D39A1A44F3850F073CD987F7
paper_software_solstice_socket_L16384_d0.9_s20260728,paper_software_solstice_socket,software operations manual,16384,16340,0.9,228,both_correct,1.180377486999987,1,1,run/solstice/control.sock,run/solstice/control.sock,1.8978255920000038,0.38386566799999855,4.943983664618871,1.660830093999948,0.11777664399994592,4.657717248,3.25788672,5.0855936,5.0855936,1689,0.10336597307221543,1,1,159,D55FCB86A5758A14FA929F2FC26A59AB7DEF0FA9BBFE0B710C2E7BD67189AB92
paper_ecology_marrow_islet_L16384_d0.1_s20260728,paper_ecology_marrow_islet,coastal ecology census,16384,16350,0.1,25,compiled_only,1.1696711010000627,0,1,Tern Rock,Marrow Islet,1.807505921000029,0.3329632360000687,5.428545033120882,1.6621945140000207,0.12272682599996187,4.657707008,3.26660864,5.0855936,5.0855936,1771,0.10831804281345565,1,1,159,7252C6C845837BE9ED791C7ABA9F5AE662982530B8382E1AF303FC43F81A42C6
paper_ecology_marrow_islet_L16384_d0.5_s20260728,paper_ecology_marrow_islet,coastal ecology census,16384,16342,0.5,127,both_correct,1.2632290010000133,1,1,Marrow Islet,Marrow Islet,1.847399391999943,0.32478496500004894,5.688069310719677,1.6702084360000526,0.11861611599999833,4.6577152,3.258362368,5.0855936,5.0855936,1694,0.10365928282951903,1,1,159,0D26E837B0AD71278F7062ADEB1EA0AFBD4E6EF7005B9DB2169F7C614E5078AE
paper_ecology_marrow_islet_L16384_d0.9_s20260728,paper_ecology_marrow_islet,coastal ecology census,16384,16349,0.9,228,both_correct,1.136078451000003,1,1,Marrow Islet,Marrow Islet,1.8594637800000555,0.3270460940000248,5.685632129885381,1.681422388000101,0.1203184160000319,4.657708032,3.26074368,5.0855936,5.0855936,1719,0.10514404550737048,1,1,159,F85596EAAEC2CBBE5817062112ADBD8283643305C20050597A1466369D55F6EF
paper_rail_northstar_platform8_L16384_d0.1_s20260728,paper_rail_northstar_platform8,rail service notice,16384,16347,0.1,25,both_correct,1.1901371540000127,1,1,8,8,1.7762065020000364,0.2452003150000337,7.2438997560006895,1.6929653800000324,0.12906380700007958,4.65771008,3.286273536,5.0855936,5.0855936,1987,0.12155135498868294,1,1,159,A7FA55A1F49709A5378453366CB8887CB0505E23C746FC04C10AC80BADC7754F
paper_rail_northstar_platform8_L16384_d0.5_s20260728,paper_rail_northstar_platform8,rail service notice,16384,16347,0.5,127,compiled_only,1.208278201999974,0,1,6,8,1.7689099140000053,0.24386177400003817,7.2537400388128415,1.6858919799999512,0.1278406559999894,4.65771008,3.281033728,5.0855936,5.0855936,1932,0.11818682327032483,1,1,159,06055C2E2424599684D4C92EF5B0B359EE07B8A7A0460807B642F87E065AAEC5
paper_rail_northstar_platform8_L16384_d0.9_s20260728,paper_rail_northstar_platform8,rail service notice,16384,16347,0.9,227,both_correct,1.2194410000000744,1,1,8,8,1.778645703000052,0.21516673400003583,8.266360091703376,1.6956890500000554,0.10349483400000281,4.65771008,3.248741376,5.0855936,5.0855936,1593,0.09744907322444485,1,1,159,88EB80E332B79EBDBB895E1F9E3323462786F33A8D550D13D30C5AA44365C8E3
paper_astronomy_polaris_field508_L16384_d0.1_s20260728,paper_astronomy_polaris_field508,observatory catalog revision,16384,16342,0.1,25,compiled_only,1.1926636129999224,0,1,Polar Mosaic Five,Polaris Field 508,1.904311507999978,0.40995530300006067,4.64516861732045,1.6966708449999715,0.08506316800003333,4.6577152,3.22149888,5.0855936,5.0855936,1307,0.07997797087259821,1,1,159,18FCA38046A2B2828993D4B3304AA8D3C3BBB96C2D61CFAFD547E167D239F933
paper_astronomy_polaris_field508_L16384_d0.5_s20260728,paper_astronomy_polaris_field508,observatory catalog revision,16384,16341,0.5,127,neither_correct,1.2104231409999784,0,0,Polar Mosaic Five,Polar Mosaic Five,1.9088725679999925,0.3666634389999217,5.206061922089811,1.70208870700003,0.12972248500000205,4.657716224,3.281033728,5.0855936,5.0855936,1932,0.11823021846888196,1,1,159,2A67965293E672D84CC8868A11CCA413CC246CBFD76BE55CA1286F803D8492F2
paper_astronomy_polaris_field508_L16384_d0.9_s20260728,paper_astronomy_polaris_field508,observatory catalog revision,16384,16341,0.9,227,compiled_only,1.214555478999955,0,1,Polar Mosaic Five,Polaris Field 508,1.9218942569999626,0.42864463800003705,4.483654026251453,1.7135228449999431,0.10436624099997971,4.657716224,3.24893184,5.0855936,5.0855936,1595,0.09760724557860596,0,1,159,9DAFB61B45A99689FDFF352E6BE3D9440501E4402F00E801D8B5B4B0287054DE
paper_maritime_beacon76_3_L16384_d0.1_s20260728,paper_maritime_beacon76_3,harbor communications directive,16384,16349,0.1,25,both_correct,1.1104700009999533,1,1,76.3 megahertz,76.3 megahertz,1.9812348710000833,0.4366087690000313,4.537780758590172,1.7104780959999744,0.13420965900002102,4.657708032,3.292018688,5.0855936,5.0855936,2037,0.12459477643892593,1,1,159,81D23D14CD58F37B8821B9633FEF45BADB84AAE93F296E174504CE8D5212FF44
paper_maritime_beacon76_3_L16384_d0.5_s20260728,paper_maritime_beacon76_3,harbor communications directive,16384,16342,0.5,127,both_correct,1.161882203999994,1,1,76.3 megahertz,76.3 megahertz,1.9939788329999146,0.3829254150000452,5.207225101524482,1.7217114940000329,0.08786120599995684,4.6577152,3.215402496,5.0855936,5.0855936,1243,0.076061681556725,1,1,159,619EB0C4610A5C58EA24669A89A83BB8434B82DA889C0356399583F78EC77406
paper_maritime_beacon76_3_L16384_d0.9_s20260728,paper_maritime_beacon76_3,harbor communications directive,16384,16342,0.9,228,both_correct,1.186574885999903,1,1,76.3 kilohertz,76.3 megahertz,1.9843060169999944,0.42576433600004293,4.660573583128377,1.7154947269999639,0.12516458900006455,4.6577152,3.276270592,5.0855936,5.0855936,1882,0.11516338269489658,1,1,159,320FE8E4F66D622E2A0D5FFEFC0F8D20BFCE97B73E89AE4FA65D3493E47E6438
paper_council_vote19_6_L16384_d0.1_s20260728,paper_council_vote19_6,municipal council record,16384,16347,0.1,25,neither_correct,1.1537099260000332,0,0,19,19,1.8204649419999441,0.24421800800007532,7.454261693918094,1.7049829840000257,0.10313370500000474,4.65771008,3.239597568,5.0855936,5.0855936,1497,0.0915764360433107,1,1,159,90C0A21B63F677F62C33F942247A9196AB7E824B0C5940BEFA9355DD73A8B4E9
paper_council_vote19_6_L16384_d0.5_s20260728,paper_council_vote19_6,municipal council record,16384,16342,0.5,127,neither_correct,1.2032610139999633,0,0,6,19,1.7978806099999929,0.22891665800000283,7.85386535740868,1.7148297369999455,0.0882640290000154,4.6577152,3.228261376,5.0855936,5.0855936,1378,0.08432260433239505,1,1,159,B85F639D6FFB28E1AD86614126B6C0728DDFBD185C8D15AA10FEDCB57279A721
paper_council_vote19_6_L16384_d0.9_s20260728,paper_council_vote19_6,municipal council record,16384,16345,0.9,227,neither_correct,1.298800554999957,0,0,19,19,1.8340103949999502,0.24024299900008828,7.633980605608725,1.7207626050000044,0.10028356800000893,4.657712128,3.233120256,5.0855936,5.0855936,1429,0.08742734781278678,1,1,159,1F82778E68E136265483AAE06F51DCE045361C1C6009A90680FC70415D9DE0B8
paper_museum_azurite_1911_L16384_d0.1_s20260728,paper_museum_azurite_1911,museum conservation dossier,16384,16347,0.1,25,both_correct,1.186783079999941,1,1,1911,1911,1.8967908070000021,0.30825098000002527,6.153397491225646,1.7214614460000348,0.1041852179999978,4.65771008,3.245026816,5.0855936,5.0855936,1554,0.0950633143696091,1,1,159,AF45F2BF84071DFC3558821C1E3BAD5B3C62D4B2565F13A482383CD86B8E3AAD
paper_museum_azurite_1911_L16384_d0.5_s20260728,paper_museum_azurite_1911,museum conservation dossier,16384,16347,0.5,127,both_correct,1.1908785109999371,1,1,1911,1911,1.8866393540000672,0.34225987700006044,5.512300683727921,1.711753372999965,0.13440496199996232,4.65771008,3.290558464,5.0855936,5.0855936,2032,0.12430415366733957,1,1,159,189C6B82A56087680523B0BE1C1F94CB34003BF4CCA8AE6C4726469F52876DE1
paper_museum_azurite_1911_L16384_d0.9_s20260728,paper_museum_azurite_1911,museum conservation dossier,16384,16347,0.9,227,both_correct,1.2262531729999182,1,1,1911,1911,1.8882337120001011,0.33700952200001666,5.602909083381946,1.7123066390000758,0.13012390500000492,4.65771008,3.27750912,5.0855936,5.0855936,1895,0.11592341102342937,1,1,159,282B0D195CA1CCC50996E6FFECE5C095FBA7696529D77853DABF578854F39C3E
paper_agriculture_lumen_barley_L16384_d0.1_s20260728,paper_agriculture_lumen_barley,agricultural field-trial report,16384,16351,0.1,25,both_correct,1.2281656689999636,1,1,Lumen,Lumen,1.8295807360000254,0.28244114099993567,6.477741626176344,1.715330874000074,0.134495228999981,4.657705984,3.290463744,5.0855936,5.0855936,2031,0.12421258638615375,1,1,159,35DA098151530674B2E603D2A07F962FEF7DF0A7F93C68FA5305DC5CA88978D0
paper_agriculture_lumen_barley_L16384_d0.5_s20260728,paper_agriculture_lumen_barley,agricultural field-trial report,16384,16352,0.5,127,both_correct,1.2304522360000192,1,1,Lumen,Lumen,1.8235898869999119,0.27438631300003635,6.646067243884976,1.709316473000058,0.13218016300004365,4.65770496,3.268914176,5.0855936,5.0855936,1801,0.1101394324853229,1,1,159,FE3C25D44F3BD7F91C9C11232A19EE2B59FDF43F90C3CA500B786BACA8DD1B20
paper_agriculture_lumen_barley_L16384_d0.9_s20260728,paper_agriculture_lumen_barley,agricultural field-trial report,16384,16352,0.9,227,both_correct,1.2787001350000082,1,1,Lumen,Lumen,1.826466732999961,0.2658327309999322,6.870736820592747,1.7120716700000003,0.12393928099993445,4.65770496,3.260362752,5.0855936,5.0855936,1715,0.10488013698630137,1,1,159,FBE4D9D266DD1FAB89AA0D4CD79C3C1BAFD258CC360FA417FC8D7E11995B467C
paper_engineering_alloy_r62_L16384_d0.1_s20260728,paper_engineering_alloy_r62,turbopump maintenance specification,16384,16341,0.1,25,both_correct,1.1061608369999476,1,1,R-62,R-62,1.8911594239999658,0.3328904129999728,5.681026999116734,1.71525529500002,0.1258561299999883,4.657716224,3.264077824,5.0855936,5.0855936,1754,0.10733737225384003,1,1,159,C0043E86715E4F947F3475C8E48A2097749A526991B13B8B8A58430D98562FA3
paper_engineering_alloy_r62_L16384_d0.5_s20260728,paper_engineering_alloy_r62,turbopump maintenance specification,16384,16346,0.5,127,both_correct,1.172129764000033,1,1,R-62,R-62,1.8848851779999904,0.3408103140000094,5.530598988855538,1.7093735130000596,0.1324453459999404,4.657711104,3.287130112,5.0855936,5.0855936,1996,0.1221093845589135,0,1,159,1590DF0F0154E1DE2ABD0C140BA5D55D69BDF8AD6D7EC5B8C9031D5DF87DAB58
paper_engineering_alloy_r62_L16384_d0.9_s20260728,paper_engineering_alloy_r62,turbopump maintenance specification,16384,16347,0.9,228,both_correct,1.2226579479998918,1,1,R-62,R-62,1.8864860449999696,0.3305455060000213,5.70719011681208,1.71172634200002,0.12330431099996986,4.65771008,3.259981824,5.0855936,5.0855936,1711,0.10466752309292225,1,1,159,D43733D9190E5C75B8C6DA6ACB2B05BB08A2ABD55991A0E03EFFDECBFEFDF01A
paper_geology_vesper_member_L32768_d0.1_s20260728,paper_geology_vesper_member,geological survey bulletin,32768,32729,0.1,51,both_correct,2.716743916999917,1,1,Vesper Member,Vesper Member,4.44290893799996,0.3853442700000187,11.529713256148181,4.242012401000011,0.13117747300009341,6.218147328,3.28499456,6.880755712,6.880755712,1964,0.06000794402517645,1,1,191,2017412E6A8D7A1C85C38171F9388ED9D7900CE67C8493D4EA27135FBE42EBFD
paper_geology_vesper_member_L32768_d0.5_s20260728,paper_geology_vesper_member,geological survey bulletin,32768,32726,0.5,255,both_correct,2.573317856000017,1,1,Vesper Member,Vesper Member,4.534620790999952,0.3523607650000713,12.869255721473515,4.328127045999963,0.10734754200007046,6.218131456,3.256005632,6.880755712,6.880755712,1652,0.050479740878811956,1,1,191,2D1963B88F97B6D2F56D6B0420850C3124C485F39F029004A19AC535743416EC
paper_geology_vesper_member_L32768_d0.9_s20260728,paper_geology_vesper_member,geological survey bulletin,32768,32734,0.9,458,both_correct,2.8017196410000906,1,1,Vesper Member,Vesper Member,4.515028508000114,0.38343252499998925,11.775288254433399,4.315438408000091,0.13432964699995864,6.218172416,3.292173312,6.880755712,6.880755712,2039,0.062289973727622655,1,1,191,C48DB3DA163A00357BB91DF1E1AA9A41DD6B70B2B75F3C1BB83A96659DD11F25
paper_clinical_nalorex_18mg_L32768_d0.1_s20260728,paper_clinical_nalorex_18mg,clinical protocol amendment,32768,32733,0.1,50,compiled_only,2.626684465000153,0,1,16 milligrams,18 milligrams,4.496094971000048,0.37147049800000786,12.103504841452988,4.262967936999985,0.10073611400002846,6.218167808,3.235405824,6.880755712,6.880755712,1453,0.04438945406776036,1,1,191,2BF74AB3C45BB79B560D5875A487EFBE8A57800CEA41DDE9936F34FAAE00AEBB
paper_clinical_nalorex_18mg_L32768_d0.5_s20260728,paper_clinical_nalorex_18mg,clinical protocol amendment,32768,32733,0.5,255,both_correct,2.667841782000096,1,1,18 milligrams,18 milligrams,4.456791750000093,0.40612732699992193,10.973878027175822,4.222421918000009,0.12125639999999294,6.218167808,3.257989632,6.880755712,6.880755712,1684,0.051446552408884,1,1,191,9961CF082EE54C1FF486F198017D4555DEC68D059DE95C5DEB4F4162A6BEBB21
paper_clinical_nalorex_18mg_L32768_d0.9_s20260728,paper_clinical_nalorex_18mg,clinical protocol amendment,32768,32733,0.9,458,both_correct,2.706040113000199,1,1,18 milligrams,18 milligrams,4.448219791999918,0.4062865529999726,10.948478996301455,4.218987352000113,0.1296999659998619,6.218167808,3.279698944,6.880755712,6.880755712,1918,0.058595301377814435,1,1,191,19C7DB4189A90302BEB8FA8151E498AF12288278C61BB9EF51BD2FEB880E04F1
paper_archive_heron_case_L32768_d0.1_s20260728,paper_archive_heron_case,diplomatic archive inventory,32768,32732,0.1,51,both_correct,2.726259662000075,1,1,Heron,Heron,4.41707385199993,0.3491602399999465,12.650563683885105,4.232885919000182,0.13006783800005906,6.218162176,3.284460544,6.880755712,6.880755712,1955,0.059727483807894416,1,1,191,2FE351766FFAFF8EDE87CB8EB57ECAB75E56718DA6BBC41091258DF58D67293C
paper_archive_heron_case_L32768_d0.5_s20260728,paper_archive_heron_case,diplomatic archive inventory,32768,32724,0.5,255,both_correct,2.640741096000056,1,1,Heron,Heron,4.4671335119999185,0.2994950009999684,14.915552837559348,4.296241760999919,0.08785130999990542,6.218121216,3.229594624,6.880755712,6.880755712,1392,0.042537587092042535,1,1,191,BBD52770E2F9B61157AE8F009CE5F34554BD48A04E37D9BAAC8342B2A26FD90D
paper_archive_heron_case_L32768_d0.9_s20260728,paper_archive_heron_case,diplomatic archive inventory,32768,32724,0.9,458,both_correct,2.733535829999937,1,1,Heron document case,Heron document case,4.494036452000046,0.41632245100004184,10.794605098055579,4.2606210840001495,0.13299768000001677,6.218121216,3.289701888,6.882852864,6.882852864,2023,0.061820070895978484,1,1,191,613449B869E673016E2233BE25855E6283CD91325198E7152D823531848C3C9F
paper_software_solstice_socket_L32768_d0.1_s20260728,paper_software_solstice_socket,software operations manual,32768,32736,0.1,51,both_correct,2.707718028999807,1,1,run/solstice/control.sock,run/solstice/control.sock,4.5509087840000575,0.473510516000033,9.610998341586441,4.2571000800001,0.13079855399996632,6.218182656,3.285707264,6.882852864,6.882852864,1976,0.06036168132942327,1,1,191,A01C8A38828772EA28B2673A87292A8592BC8A7F2BCB458C5168507127F8002A
paper_software_solstice_socket_L32768_d0.5_s20260728,paper_software_solstice_socket,software operations manual,32768,32727,0.5,255,both_correct,2.338605570999789,1,1,run/solstice/control.sock,run/solstice/control.sock,4.211301455000012,0.39966525599993474,10.537071691317344,3.9259885960000247,0.08327936399973623,6.21816832,3.23021568,6.828326912,6.828326912,1395,0.04262535521129343,1,1,191,AB7AADCDCBDEB200DC8E51116C6B9F7C289D902359050193D8A16AC7FB5DEEB1
paper_software_solstice_socket_L32768_d0.9_s20260728,paper_software_solstice_socket,software operations manual,32768,32727,0.9,458,both_correct,2.3452742300000864,1,1,run/solstice/control.sock,run/solstice/control.sock,4.21700943299993,0.4140543759999673,10.184675437412267,3.9337823239998215,0.0977970839999216,6.21816832,3.2461696,6.828326912,6.828326912,1566,0.04785039875332294,1,1,191,C23536B55076868EBDAA8817B91639B86F822A191F6DB920C6B2FA7D309658D1
paper_ecology_marrow_islet_L32768_d0.1_s20260728,paper_ecology_marrow_islet,coastal ecology census,32768,32723,0.1,51,compiled_only,2.1088299930001995,0,1,Tern Rock,Marrow Islet,4.16982505299984,0.39443644099992525,10.571601960582113,3.9793173840002964,0.12542992799990316,6.218150912,3.288272896,6.830424064,6.830424064,2008,0.06136356691012438,1,1,191,FD2BB833105A2B181DDD863737A8B8D08D7C5DC5B193BE78575383A7C3A48DBF
paper_ecology_marrow_islet_L32768_d0.5_s20260728,paper_ecology_marrow_islet,coastal ecology census,32768,32729,0.5,255,compiled_only,2.1503713580000294,0,1,Lantern Islet,Marrow Islet,4.258097184000235,0.3553194299997813,11.983856846789537,4.008848634999595,0.09636230299975068,6.218177024,3.23140608,6.830424064,6.830424064,1411,0.04311161355372911,1,1,191,00D309DFEDB6CBDC40195C9CF18294DC23342A9D9CF3A169DC82A7BF26898058
paper_ecology_marrow_islet_L32768_d0.9_s20260728,paper_ecology_marrow_islet,coastal ecology census,32768,32729,0.9,458,both_correct,2.172673145999852,1,1,Marrow Islet,Marrow Islet,4.267002010999931,0.39253572699999495,10.870353237935936,4.0427086660001805,0.12909018100026515,6.218177024,3.292327936,6.830424064,6.830424064,2041,0.06236059763512481,1,1,191,ACC47AFCA0E1856F6EA9ABE4146E01C34BA60F0A5679780E2B3F5E94393DA3E5
paper_rail_northstar_platform8_L32768_d0.1_s20260728,paper_rail_northstar_platform8,rail service notice,32768,32732,0.1,51,both_correct,2.1922555579999425,1,1,8,8,4.271183208000366,0.2670745160003207,15.992477575042154,4.14354590999983,0.10143933500012281,6.218189824,3.240644608,6.830424064,6.830424064,1508,0.046071123060002446,1,1,191,DFDBC35B66A73F12C950FF79B354AF7605006014AA6F9EEB376568A27F72674F
paper_rail_northstar_platform8_L32768_d0.5_s20260728,paper_rail_northstar_platform8,rail service notice,32768,32732,0.5,255,both_correct,2.221157571999811,1,1,8,8,4.372044226000071,0.30758913600038795,14.213909772140186,4.2446814410000115,0.1322013640001387,6.218189824,3.29027328,6.830424064,6.830424064,2029,0.06198826836123671,1,1,191,7AC0A636C2E149F3CC859E2AD906DE947816AC67687BC3C41F52DC09E64E1ADE
paper_rail_northstar_platform8_L32768_d0.9_s20260728,paper_rail_northstar_platform8,rail service notice,32768,32732,0.9,458,both_correct,2.21798175899994,1,1,8,8,4.416503151000143,0.32222156299985727,13.706417130755769,4.2871117929998945,0.14489402099979998,6.218189824,3.30020352,6.830424064,6.830424064,2131,0.06510448490773554,1,1,191,3265D10B7522FD6344BF75805EA3243AC551F2B06A7919F85D01B15B58672DC5
paper_astronomy_polaris_field508_L32768_d0.1_s20260728,paper_astronomy_polaris_field508,observatory catalog revision,32768,32732,0.1,51,compiled_only,2.1828871420002542,0,1,Polar Mosaic Five,Polaris Field 508,4.53505370799985,0.5474152930000855,8.284484861841706,4.283336021000196,0.15915517000030377,6.218189824,3.295769088,6.830424064,6.830424064,2057,0.06284370035439325,1,1,191,B168C3343798207C01058B6391996479E9036DCCBBC5EF4B55C5B72F972F8194
paper_astronomy_polaris_field508_L32768_d0.5_s20260728,paper_astronomy_polaris_field508,observatory catalog revision,32768,32732,0.5,255,neither_correct,2.261201015000097,0,0,Polar Field 508,Polar Field 508,4.561884278999969,0.49234303200000795,9.265662317731136,4.250413654000113,0.13466665100031605,6.218189824,3.273031168,6.830424064,6.830424064,1848,0.05645851154833191,1,1,191,475CAA246F8459692BFF2CE3F443C3534F8196D5DBA696B45EEB40CB08A67293
paper_astronomy_polaris_field508_L32768_d0.9_s20260728,paper_astronomy_polaris_field508,observatory catalog revision,32768,32732,0.9,458,compiled_only,2.2401810239998667,0,1,Polar Mosaic Five,Polaris Field 508,4.475470071000018,0.5138062199998785,8.710424079726158,4.224232522999955,0.1285711129999072,6.218189824,3.28255744,6.830424064,6.830424064,1948,0.05951362580960528,1,1,191,6F7FED76668FD0C642C5B540B747F199B8F190B5ADB571B62F68C269A90550CF
paper_maritime_beacon76_3_L32768_d0.1_s20260728,paper_maritime_beacon76_3,harbor communications directive,32768,32732,0.1,51,both_correct,2.1868168869996225,1,1,76.3 megahertz,76.3 megahertz,4.56076060300029,0.51586734600005,8.84095618449912,4.251503319999756,0.15841011900010926,6.218189824,3.29642752,6.830424064,6.830424064,2068,0.06317976292313332,1,1,191,2BF93C2B97E771BE26DBD68C7AF59DA85B8AD2BAE27E3818215E5840CA0B8251
paper_maritime_beacon76_3_L32768_d0.5_s20260728,paper_maritime_beacon76_3,harbor communications directive,32768,32731,0.5,255,both_correct,2.1342508399998223,1,1,76.3 kilohertz,76.3 megahertz,4.582135346000086,0.4391497970000273,10.434105576962846,4.273047740000038,0.08702046000007613,6.218185728,3.22902784,6.830424064,6.830424064,1375,0.04200910451865204,1,1,191,1EC122FF6E00A3AA50DA56284A2F63043D8B80A86053C525F53A65588B8DADDA
paper_maritime_beacon76_3_L32768_d0.9_s20260728,paper_maritime_beacon76_3,harbor communications directive,32768,32736,0.9,458,both_correct,2.1840778250002586,1,1,76.3 kilohertz,76.3 megahertz,4.5776122340002985,0.4807376219996513,9.52205948633581,4.266348669999843,0.12585831100022915,6.218207232,3.259219968,6.830424064,6.830424064,1703,0.052022238514174,0,1,191,3F104CA6BD3076521C2CC1FE8C115ABC0E5276FB8E3D7F0EC4C657294E5DB393
paper_council_vote19_6_L32768_d0.1_s20260728,paper_council_vote19_6,municipal council record,32768,32728,0.1,50,neither_correct,2.3601049089998014,0,0,16 votes to 9,19,4.541406112999994,0.3002435520002109,15.125740695329915,4.254941171000155,0.10185879399978148,6.218172416,3.234167296,6.830424064,6.830424064,1440,0.04399902224395014,1,1,191,FEE7D73A353B826A26E56F578F3C356ED2D461EA2FF8FCD646DD1BEB5D9AB3BD
paper_council_vote19_6_L32768_d0.5_s20260728,paper_council_vote19_6,municipal council record,32768,32728,0.5,255,neither_correct,2.333800955999777,0,0,19,19,4.41599480900004,0.33331481499999427,13.248720459665485,4.258531645999938,0.13035746900004597,6.218172416,3.285129216,6.830424064,6.830424064,1975,0.060345881202639944,1,1,191,5313585DE9D8E5459B2E543604D2BFC3F352DC45F4B4C93E05C77845B3F4AFEA
paper_council_vote19_6_L32768_d0.9_s20260728,paper_council_vote19_6,municipal council record,32768,32728,0.9,458,neither_correct,2.398913615999845,0,0,19,19,4.4115607899998395,0.2944327489999523,14.983254427314245,4.248429990000204,0.10110273500004041,6.218172416,3.235024896,6.830424064,6.830424064,1449,0.044274016132974825,1,1,191,AAD6FA9921EE38515991BEA061E88C1D51DA0D3F45807CAEF9D91943DBB4A495
paper_museum_azurite_1911_L32768_d0.1_s20260728,paper_museum_azurite_1911,museum conservation dossier,32768,32725,0.1,51,both_correct,2.2541572989998713,1,1,1911,1911,4.510089660999711,0.3941232930001206,11.443347148219251,4.292430800000147,0.12956691899989892,6.218159616,3.283795968,6.830424064,6.830424064,1961,0.05992360580595875,1,1,191,0581330BB6CA9128208B6A95B8C0785C5586DC0C9E2A2407AFF77849382870D1
paper_museum_azurite_1911_L32768_d0.5_s20260728,paper_museum_azurite_1911,museum conservation dossier,32768,32725,0.5,255,both_correct,2.2526053940000565,1,1,1911,1911,4.479783157999918,0.4066109720001805,11.017369098436257,4.26074789500035,0.13494255300020086,6.218159616,3.273317376,6.830424064,6.830424064,1851,0.05656226126814362,1,1,191,A901E8BD3FC4E41B01CC765BABB8C21933E4E9ACC7DB95C6B1BEDC59B8B7A84E
paper_museum_azurite_1911_L32768_d0.9_s20260728,paper_museum_azurite_1911,museum conservation dossier,32768,32725,0.9,458,both_correct,2.306896453000263,1,1,1911,1911,4.478040989999954,0.3965609500000937,11.292188476951388,4.258170017999873,0.1292512580002949,6.218159616,3.26674432,6.830424064,6.830424064,1782,0.05445378151260504,1,1,191,603141BA354CF83B3E3F331E9A1884823965D4DFADE8F4AC2F4C4DB6C9BB6F56
paper_agriculture_lumen_barley_L32768_d0.1_s20260728,paper_agriculture_lumen_barley,agricultural field-trial report,32768,32736,0.1,51,both_correct,2.2073879250001482,1,1,Lumen,Lumen,4.420809028999884,0.33730204200037406,13.106380865002237,4.261769209999784,0.1283387059997949,6.218207232,3.28255744,6.830424064,6.830424064,1948,0.059506353861192574,1,1,191,501E1EAD3EBFCC9DC84FFF743C46B460E79C835F1C7A3DCC55F245BE782D2648
paper_agriculture_lumen_barley_L32768_d0.5_s20260728,paper_agriculture_lumen_barley,agricultural field-trial report,32768,32723,0.5,255,both_correct,2.1203883410003073,1,1,Lumen,Lumen,4.426453909999964,0.3246411669997542,13.634912512507434,4.271717093999996,0.12416735899978448,6.218150912,3.275033088,6.830424064,6.830424064,1869,0.057115790117043055,1,1,191,8A8ACF9F3B52340453BC2B20E211EF503EAE8CD39BF6179D937563B1EB1ED94A
paper_agriculture_lumen_barley_L32768_d0.9_s20260728,paper_agriculture_lumen_barley,agricultural field-trial report,32768,32723,0.9,459,both_correct,2.1264867429999867,1,1,Lumen,Lumen,4.419273615999828,0.33302066899977945,13.270268266750598,4.260370868999871,0.1297923299998729,6.218150912,3.2815104,6.830424064,6.830424064,1937,0.05919383919567277,1,1,191,819F867C51812FE9AB767B41898E44339CAA85F031285CFEF5EF04313AC7900A
paper_engineering_alloy_r62_L32768_d0.1_s20260728,paper_engineering_alloy_r62,turbopump maintenance specification,32768,32723,0.1,51,both_correct,2.4234270930001003,1,1,R-62,R-62,4.491299038999841,0.3941823979998844,11.3939614295034,4.27010270799974,0.13358363599991208,6.218150912,3.269221888,6.830424064,6.830424064,1808,0.055251657855331114,1,1,191,D56AFA84958C525148C7A4896CAB6BBEC590201B564FC7FAF15147D557F469E9
paper_engineering_alloy_r62_L32768_d0.5_s20260728,paper_engineering_alloy_r62,turbopump maintenance specification,32768,32734,0.5,255,both_correct,2.3654627239998263,1,1,R-62,R-62,4.462627881000117,0.3658396199998606,12.1983176152485,4.238941729000089,0.10249411799986774,6.218198528,3.237024256,6.830424064,6.830424064,1470,0.044907435693774055,1,1,191,6D085D33EF7F4901E1728AD11938A79F5CA1071ACFF9E2AD7C456F2BCC1F8F86
paper_engineering_alloy_r62_L32768_d0.9_s20260728,paper_engineering_alloy_r62,turbopump maintenance specification,32768,32734,0.9,458,both_correct,2.394792840000264,1,1,R-62,R-62,4.471464330999879,0.3928490260000217,11.382144373700527,4.250180529000318,0.12430348999987473,6.218198528,3.275223552,6.830424064,6.830424064,1871,0.05715769536261991,1,1,191,3CFAED08A5D64091C7758238985C312C0C89040A9A314E3431632C074F90AD8D
paper_geology_vesper_member_L49152_d0.1_s20260728,paper_geology_vesper_member,geological survey bulletin,49152,49114,0.1,76,both_correct,3.018790258000081,1,1,Vesper Member,Vesper Member,7.946181120999881,0.42793803099993966,18.568532229847555,7.686194538000109,0.12786449800023547,7.7795072,3.280081408,8.650752,8.650752,1922,0.03913344463900314,1,1,208,D87D6F45EFC4BEB19B97E5DF9EC7522C9CEFE448F4223B8C873CC91E6D8E7AD2
paper_geology_vesper_member_L49152_d0.5_s20260728,paper_geology_vesper_member,geological survey bulletin,49152,49114,0.5,383,both_correct,3.05192467400002,1,1,Vesper Member,Vesper Member,8.000723503000245,0.43450121299974853,18.4135815128435,7.745232775999739,0.12934769100002086,7.7795072,3.28380672,8.650752,8.650752,1944,0.03958138209064625,0,1,208,ED4B97BF07A96C3E30B95D67CB933D57D90517F7864211E1F2B98916A3F5FDC4
paper_geology_vesper_member_L49152_d0.9_s20260728,paper_geology_vesper_member,geological survey bulletin,49152,49114,0.9,689,both_correct,3.105200730999968,1,1,Vesper Member,Vesper Member,7.877669747000255,0.3950628930001585,19.940292764972725,7.622474692999731,0.10024737699995967,7.7795072,3.240835072,8.650752,8.650752,1510,0.030744797817322964,1,1,208,BBE132DCDF6A79DCD087C7EFEDE26763B2CD89E5D5835B9EEE7A2022FE7D3043
paper_clinical_nalorex_18mg_L49152_d0.1_s20260728,paper_clinical_nalorex_18mg,clinical protocol amendment,49152,49117,0.1,76,compiled_only,3.2895778979996066,0,1,16 milligrams,18 milligrams,7.939335964999827,0.4549651500001346,17.45042662058287,7.6517008220002936,0.12406898499966701,7.779469312,3.260172288,8.650752,8.650752,1713,0.03487590854490299,1,1,208,7610968D62FAC1870D8CE06A7EAA6D2ABCB794FDBF15004B873B084157AAF657
paper_clinical_nalorex_18mg_L49152_d0.5_s20260728,paper_clinical_nalorex_18mg,clinical protocol amendment,49152,49117,0.5,383,both_correct,3.201621798999895,1,1,18 milligrams,18 milligrams,7.969493036000131,0.4279852929998924,18.620950687672657,7.683506290999958,0.10163162999970154,7.779469312,3.244360704,8.650752,8.650752,1547,0.03149622330354052,1,1,208,2531D8F679CF4C0442EEDF4A73B0D6410F8D236943B13E8981A270A2553CF4BC
paper_clinical_nalorex_18mg_L49152_d0.9_s20260728,paper_clinical_nalorex_18mg,clinical protocol amendment,49152,49117,0.9,688,both_correct,3.2716008400002465,1,1,18 milligrams,18 milligrams,7.972626432000197,0.4275128770000265,18.648856820281704,7.68432183699997,0.10547726499999044,7.779469312,3.256687616,8.650752,8.650752,1663,0.0338579310625649,1,1,208,7E2B806A6D4FD438D124A983E20B64AD95289562C76CDD9998F7C731CEC236DA
paper_archive_heron_case_L49152_d0.1_s20260728,paper_archive_heron_case,diplomatic archive inventory,49152,49114,0.1,76,both_correct,3.558240157,1,1,Heron document case,Heron document case,7.9568161259999215,0.46387585599995873,17.152899904324034,7.665521670000089,0.12788838999995278,7.7795072,3.284044288,8.650752,8.650752,1948,0.03966282526367227,0,1,208,547E13BFD9EC0592D0DEF922CBF6D3FD3FCCDCAE7E3A6F6686252A51C6DFD8A2
paper_archive_heron_case_L49152_d0.5_s20260728,paper_archive_heron_case,diplomatic archive inventory,49152,49109,0.5,383,both_correct,3.3638470109999616,1,1,Heron,Heron,7.8941651340001044,0.36784872900034316,21.46035723829493,7.67191129899993,0.10140146399999139,7.779571712,3.245598208,8.650752,8.650752,1560,0.03176607139220917,1,1,208,65DA9D8336FD5984F2D4ED82BC618D9B24031207085D35587B8614AB29ED447E
paper_archive_heron_case_L49152_d0.9_s20260728,paper_archive_heron_case,diplomatic archive inventory,49152,49116,0.9,689,both_correct,3.1989932229998885,1,1,Heron,Heron,7.9100216299998465,0.4021514370001569,19.669261134572945,7.6824215249998815,0.12853826499986098,7.7794816,3.28380672,8.650752,8.650752,1944,0.0395797703396042,1,1,208,5B26CC81007A26627B6EF499D3966B1405D42D1608A5D250DE535230256BDD20
paper_software_solstice_socket_L49152_d0.1_s20260728,paper_software_solstice_socket,software operations manual,49152,49117,0.1,77,compiled_only,3.443630480000138,0,1,run/solstice/relay.sock,run/solstice/control.sock,8.05592788199965,0.5285477209999954,15.2416282616035,7.670848816999751,0.1287077759998283,7.779469312,3.284816896,8.650752,8.650752,1961,0.039925076857299915,1,1,208,F3AA7483EF9E45E6BD0E3206CDDA2249F6902B8C8D37FB18F63353B8E048EB95
paper_software_solstice_socket_L49152_d0.5_s20260728,paper_software_solstice_socket,software operations manual,49152,49111,0.5,383,both_correct,3.1162993809998625,1,1,run/solstice/control.sock,run/solstice/control.sock,8.017696959000205,0.5522165329998643,14.51911791819202,7.667418579999776,0.1565834210000503,7.779546112,3.296759296,8.650752,8.650752,2070,0.04214941662763943,1,1,208,0EA3659950FFAB8E77D1703CF6489F05A0EBBBD31BBBC71DF310164E4BFB3311
paper_software_solstice_socket_L49152_d0.9_s20260728,paper_software_solstice_socket,software operations manual,49152,49116,0.9,688,both_correct,3.603291643000375,1,1,run/solstice/control.sock,run/solstice/control.sock,7.996458430000075,0.5213708169999336,15.337372498163996,7.648014437000256,0.1291621620002843,7.7794816,3.278270976,8.650752,8.650752,1903,0.03874501180877921,1,1,208,ED348D98116B0D0F5BEB69D4CAAD0A361ED922A80883A4A59439F696BE40882B
paper_ecology_marrow_islet_L49152_d0.1_s20260728,paper_ecology_marrow_islet,coastal ecology census,49152,49107,0.1,76,compiled_only,3.06819641400034,0,1,Tern Rock,Marrow Islet,7.93183133399998,0.46810196400019777,16.944665786526436,7.677324593999856,0.13092271000004985,7.779597312,3.287606784,8.652849152,8.652849152,2001,0.04074775490255972,0,1,208,C6CEA3EF95E3C4E9B2652186CAAA7B5404F3EC9033684B4589EFC9FC9139D458
paper_ecology_marrow_islet_L49152_d0.5_s20260728,paper_ecology_marrow_islet,coastal ecology census,49152,49110,0.5,382,compiled_only,3.726503313000194,0,1,Lantern Islet,Marrow Islet,7.990524239000024,0.4663290070002404,17.13495004396307,7.670767802999762,0.13256506700008686,7.7795584,3.26788864,8.652849152,8.652849152,1794,0.03653023824068418,1,1,208,3DF0AE04314CFD8BE1F8649F91946664498022FBB11DC7E811C8B033EC9010D5
paper_ecology_marrow_islet_L49152_d0.9_s20260728,paper_ecology_marrow_islet,coastal ecology census,49152,49114,0.9,688,both_correct,3.342625746000067,1,1,Marrow Islet,Marrow Islet,7.959555214999909,0.4273002549998637,18.62754613849329,7.670908470000086,0.09960836300024312,7.7795072,3.23435776,8.652849152,8.652849152,1442,0.029360263875880605,1,1,208,96EAD55AC681096429A57D5833FD11DD7B39CFD298B6B044035AE5083307939C
paper_rail_northstar_platform8_L49152_d0.1_s20260728,paper_rail_northstar_platform8,rail service notice,49152,49108,0.1,77,both_correct,3.1144016600001123,1,1,8,8,7.856883884999661,0.37433601100019587,20.98885400847943,7.665008784999827,0.128097359000094,7.779584,3.285054464,8.652849152,8.652849152,1965,0.04001384703103364,1,1,208,E630FFD1F3C1133E48A3EB3661492DA5AF9428857121527421EF67C40B20ECC7
paper_rail_northstar_platform8_L49152_d0.5_s20260728,paper_rail_northstar_platform8,rail service notice,49152,49108,0.5,383,both_correct,3.121436399000231,1,1,8,8,7.870729022999967,0.3352001670000391,23.48068347769961,7.673763081999823,0.10011328599966873,7.779584,3.236548608,8.652849152,8.652849152,1465,0.029832206565121772,1,1,208,98CC807C21ED1870043457B939884CFFAB63C5E98DD76BF10CD2B725B72C2C08
paper_rail_northstar_platform8_L49152_d0.9_s20260728,paper_rail_northstar_platform8,rail service notice,49152,49108,0.9,689,both_correct,3.0888014769998335,1,1,8,8,7.8359091719999014,0.37315418500020314,20.999119096026313,7.648047397000028,0.12846236099994712,7.779584,3.284756992,8.652849152,8.652849152,1960,0.03991203062637452,1,1,208,600504220B12329B19044289B9154B2B92204402DB9DE81015E71532176BB40E
paper_astronomy_polaris_field508_L49152_d0.1_s20260728,paper_astronomy_polaris_field508,observatory catalog revision,49152,49119,0.1,77,neither_correct,3.1712839860001623,0,0,Polar Mosaic Five,Polar Field 508,7.983456965999721,0.5979631959999097,13.351084179436567,7.6631934979996,0.16043828600004417,7.779443712,3.296083456,8.652849152,8.652849152,2050,0.041735377348887395,1,1,208,084ED56558919D4E5E026C8BB40C5B35E2690093CA219F59A059ADADAB16D9E8
paper_astronomy_polaris_field508_L49152_d0.5_s20260728,paper_astronomy_polaris_field508,observatory catalog revision,49152,49118,0.5,383,neither_correct,3.2971187959997224,0,0,Polar Field 580,Polar Field 508,8.050986473000194,0.5587225760000365,14.409631575366426,7.665369630999976,0.12791961399989304,7.779456,3.266840064,8.652849152,8.652849152,1783,0.03630033796164339,1,1,208,9D3750A1A7C3A307EA7C22D46B42323C1C80CB63AADA3901FC275179EF60A646
paper_astronomy_polaris_field508_L49152_d0.9_s20260728,paper_astronomy_polaris_field508,observatory catalog revision,49152,49118,0.9,689,compiled_only,3.28474714999993,0,1,Polar Mosaic Five,Polaris Field 508,7.976950347000184,0.598885386999882,13.319661023890962,7.651034187999812,0.1327738270001646,7.779456,3.270079488,8.652849152,8.652849152,1817,0.036992548556537316,1,1,208,AA46204F2CF6CC73EFBF77166BB10D1E3F8E9CCB18210A303859FE8C157614B5
paper_maritime_beacon76_3_L49152_d0.1_s20260728,paper_maritime_beacon76_3,harbor communications directive,49152,49112,0.1,76,both_correct,3.40785249999999,1,1,76.3 megahertz,76.3 megahertz,8.042181007000181,0.5616627649997099,14.31852262274202,7.658588889000384,0.12706100300010803,7.7795328,3.263411712,8.652849152,8.652849152,1747,0.03557175435738719,1,1,208,4C0DDB8431454D78ECF2BE86CEEEE6CCF032151AC5F6AF5833BBCBBAF9B13ABE
paper_maritime_beacon76_3_L49152_d0.5_s20260728,paper_maritime_beacon76_3,harbor communications directive,49152,49112,0.5,382,both_correct,3.526138486000036,1,1,76.3 megahertz,76.3 megahertz,8.054789339999843,0.5327021840002999,15.12062383433988,7.669593495000299,0.0999026459999186,7.7795328,3.240454144,8.652849152,8.652849152,1506,0.030664603355595375,0,1,208,65F1AEDDF73EB7EA293874D7CFDAB84D0FA3371F81AC9C9DC99980892564A2D9
paper_maritime_beacon76_3_L49152_d0.9_s20260728,paper_maritime_beacon76_3,harbor communications directive,49152,49112,0.9,688,both_correct,3.5597485650000635,1,1,76.3 kilohertz,76.3 megahertz,8.055507808999664,0.5643407870002193,14.274190337755144,7.669226139999864,0.12816995200000747,7.7795328,3.264173568,8.652849152,8.652849152,1755,0.03573464733669979,0,1,208,E367F3F921AF4DA74C9A90BD783BDDB1056644C93911F8524EC5F7854D4DDA80
paper_council_vote19_6_L49152_d0.1_s20260728,paper_council_vote19_6,municipal council record,49152,49110,0.1,76,neither_correct,3.281649563999963,0,0,16,19,7.892490280999937,0.38814294299982066,20.333978559552435,7.6689820710003005,0.12112806300001466,7.7795584,3.25823744,8.652849152,8.652849152,1688,0.03437181836693138,1,1,208,55D8BDD1167021391D9D114DA88F7BFEBC083BD6E5F2BD59314D380361C4B2D3
paper_council_vote19_6_L49152_d0.5_s20260728,paper_council_vote19_6,municipal council record,49152,49114,0.5,382,neither_correct,3.187906197000302,0,0,19,19,7.875249573000019,0.366336777000015,21.497294477206413,7.656540529999802,0.10132812700021532,7.7795072,3.242454528,8.652849152,8.652849152,1527,0.031090931302683554,1,1,208,10BB7580F4F43CF536AD917731F8623A5B1C8F344BD6908129423B95FD85772C
paper_council_vote19_6_L49152_d0.9_s20260728,paper_council_vote19_6,municipal council record,49152,49111,0.9,688,neither_correct,3.3327240469998287,0,0,19,19,7.876024803000291,0.33804281300035655,23.29889735887384,7.657751847999862,0.08300842799962993,7.779546112,3.210162688,8.652849152,8.652849152,1188,0.02419009997760176,1,1,208,54460789645042ADF86B149AF5922A37113BBBB155F0D71CBC56A946B1FC7810
paper_museum_azurite_1911_L49152_d0.1_s20260728,paper_museum_azurite_1911,museum conservation dossier,49152,49117,0.1,77,compiled_only,3.0457580980000785,0,1,1941,1911,7.939971029999924,0.4722569850000582,16.81281861823377,7.652078968999831,0.12845271900005173,7.779469312,3.285826048,8.652849152,8.652849152,1978,0.04027118920129487,1,1,208,6ABAF1F8C0AC26F6F0E755354DB6A1080DF0EBCABB4B898A4EDE88BDC7615631
paper_museum_azurite_1911_L49152_d0.5_s20260728,paper_museum_azurite_1911,museum conservation dossier,49152,49117,0.5,383,both_correct,3.069003260000045,1,1,1911,1911,7.946656372999769,0.45273442999996405,17.552577949506514,7.661416549999558,0.12496682199980569,7.779469312,3.260647936,8.652849152,8.652849152,1718,0.0349777062931368,1,1,208,90F74A0A188692717FC4D40CA26C6C94310AE39B9CBE5FDFFDE15E0374A24E62
paper_museum_azurite_1911_L49152_d0.9_s20260728,paper_museum_azurite_1911,museum conservation dossier,49152,49117,0.9,689,both_correct,3.102099595999789,1,1,1911,1911,7.961026772999958,0.4676195700003518,17.02457998709072,7.674577767000301,0.12965956599964557,7.779469312,3.285826048,8.652849152,8.652849152,1978,0.04027118920129487,1,1,208,7237491EEF32AB1254C4D263C7E8A1948153E7C2992953EE21B6AD0ACCF8B319
paper_agriculture_lumen_barley_L49152_d0.1_s20260728,paper_agriculture_lumen_barley,agricultural field-trial report,49152,49115,0.1,77,both_correct,3.3109445350000897,1,1,Lumen,Lumen,7.87198253600036,0.41062742899976,19.170620324062572,7.654488017999938,0.1287285199996404,7.779494912,3.28558848,8.652849152,8.652849152,1974,0.04019138755980861,1,1,208,81131E586049665DC9719FA0F9EB92E84E9DF621245430D1A6E5DF2C5DD64B26
paper_agriculture_lumen_barley_L49152_d0.5_s20260728,paper_agriculture_lumen_barley,agricultural field-trial report,49152,49115,0.5,383,both_correct,3.3758311000001413,1,1,Lumen,Lumen,7.892868990000352,0.40938658200002465,19.279745201809952,7.669145641999876,0.12862756399999853,7.779494912,3.284460544,8.652849152,8.652849152,1955,0.03980454036445078,1,1,208,5DE9DE44417A54C672D8086D66E9FA679B4556D845CDC4C6AC558D2364400636
paper_agriculture_lumen_barley_L49152_d0.9_s20260728,paper_agriculture_lumen_barley,agricultural field-trial report,49152,49115,0.9,689,both_correct,3.345467548000215,1,1,Lumen,Lumen barley,7.892064904000108,0.42246673299996473,18.68091446623033,7.67381599700002,0.12557397899990974,7.779494912,3.262268928,8.652849152,8.652849152,1735,0.03532525704978112,1,1,208,4C1B0ECE1008C8C5712BAEE2E7D279A2BB4EB76533E799EC3CAD3A09603BC469
paper_engineering_alloy_r62_L49152_d0.1_s20260728,paper_engineering_alloy_r62,turbopump maintenance specification,49152,49110,0.1,76,compiled_only,3.5474352599999293,0,1,R-26,R-62,7.939837007000278,0.4623303499997746,17.1735145810872,7.645231804000105,0.13312046999999438,7.7795584,3.270936064,8.652849152,8.652849152,1826,0.037181836693137855,0,1,208,C2F6110E7C73F81A7EE31FA5EF33275D6D8246197DDCAF8C7214D950ADA804FE
paper_engineering_alloy_r62_L49152_d0.5_s20260728,paper_engineering_alloy_r62,turbopump maintenance specification,49152,49119,0.5,383,both_correct,3.304160376999789,1,1,R-62,R-62,7.961073610000312,0.4649035140000706,17.124141612745703,7.675446616000045,0.12882326099997954,7.779443712,3.278080512,8.652849152,8.652849152,1901,0.03870192797084631,1,1,208,219C0BB272012DB159DD5C399D2744767F057623C429BBA55B6924D55F26E98B
paper_engineering_alloy_r62_L49152_d0.9_s20260728,paper_engineering_alloy_r62,turbopump maintenance specification,49152,49110,0.9,688,both_correct,3.588497486000051,1,1,R-62,R-62,7.9655698379997375,0.46883704699985174,16.990060595621525,7.670066994000081,0.12805146900018372,7.7795584,3.265792,8.652849152,8.652849152,1772,0.036082264304622275,1,1,208,E8CB511087E8CF6A07DA891589A683D048C2F41098E7EE82A92B4770810545B6
paper_geology_vesper_member_L65536_d0.1_s20260728,paper_geology_vesper_member,geological survey bulletin,65536,65500,0.1,102,both_correct,4.799478227000236,1,1,Vesper Member,Vesper Member,12.204256584999712,0.5232111800000894,23.325680053315427,11.872263129000203,0.14400305800018032,9.339510784,3.302408192,10.41235968,10.41235968,2155,0.032900763358778624,1,1,223,A91EE60415F1117E38ECD153AE272B55B6A9FE7D9C6C8C8CAB7BF92F951BB3C3
paper_geology_vesper_member_L65536_d0.5_s20260728,paper_geology_vesper_member,geological survey bulletin,65536,65492,0.5,511,both_correct,5.040088953999657,1,1,Vesper Member,Vesper Member,12.196222588000182,0.5029805939998369,24.247898892107433,11.871940465999614,0.12802149300023302,9.339469824,3.282272256,10.473177088,10.473177088,1945,0.02969828375984853,1,1,223,FA7142328EB0B6807604D7E596311254C2442C97050CC8C5A21B9DDBF9985088
paper_geology_vesper_member_L65536_d0.9_s20260728,paper_geology_vesper_member,geological survey bulletin,65536,65502,0.9,919,both_correct,5.057016105999992,1,1,Vesper Member,Vesper Member,12.153256892000172,0.502685967999696,24.176638429675684,11.829673874000036,0.1303217030003907,9.339521024,3.288825344,10.47527424,10.47527424,2009,0.030670819211627127,1,1,223,C2A5F5D227C7CB0A892F11C40D6E16DF8E5439BA8C29F1009F1A3A5175DFE281
paper_clinical_nalorex_18mg_L65536_d0.1_s20260728,paper_clinical_nalorex_18mg,clinical protocol amendment,65536,65504,0.1,102,compiled_only,4.829434235999997,0,1,16 milligrams,18 milligrams,12.216968268999608,0.5592611930001112,21.844834617368452,11.855894042999807,0.1599016830000437,9.339531264,3.296864768,10.47527424,10.47527424,2087,0.03186064973131412,1,1,223,1851A308006528BCC6C622A98134488521C19102643BB5A24216DDDCB865300E
paper_clinical_nalorex_18mg_L65536_d0.5_s20260728,paper_clinical_nalorex_18mg,clinical protocol amendment,65536,65504,0.5,511,both_correct,4.848577666999972,1,1,18 milligrams,18 milligrams,12.190709269999843,0.5217635589997371,23.36443214503216,11.827678194999862,0.12172736100001202,9.339531264,3.274175488,10.47527424,10.47527424,1860,0.028395212506106497,1,1,223,553F7C2F6246B9F37C1D01D2DD6ED268BF792EB1C63B06DA0ED0135B16A98A69
paper_clinical_nalorex_18mg_L65536_d0.9_s20260728,paper_clinical_nalorex_18mg,clinical protocol amendment,65536,65504,0.9,920,both_correct,4.963914124999974,1,1,18 milligrams,18 milligrams,12.17396268099992,0.5259382230001393,23.147134299453068,11.810106029000053,0.12317051000036372,9.339531264,3.2765568,10.47527424,10.47527424,1885,0.02877686858817782,1,1,223,A5654FE50C86700B1ABBD4EB3954F665708C69A943BE17B49D6650BD557E6442
paper_archive_heron_case_L65536_d0.1_s20260728,paper_archive_heron_case,diplomatic archive inventory,65536,65492,0.1,102,both_correct,5.101026012999682,1,1,Heron,Heron,12.117218233999665,0.4699122229999375,25.786131198381867,11.831804229000227,0.12848808099988673,9.339469824,3.28255744,10.47527424,10.47527424,1948,0.029744090881329018,1,1,223,CEA8AA7F3C04D66F8C1C668E7AEF0D0F60A9202E7CF55AB58DC5C84D2B959B15
paper_archive_heron_case_L65536_d0.5_s20260728,paper_archive_heron_case,diplomatic archive inventory,65536,65502,0.5,511,both_correct,5.096020337000027,1,1,Heron,Heron,12.10442244900014,0.43478203599988774,27.840208303829886,11.810549295999863,0.09949555599996529,9.339521024,3.238835712,10.47527424,10.47527424,1489,0.022732130316631554,1,1,223,B5AA0515D174D8C6C389EB4828338273BD3041FAF68DD9E15FF073AEE58A3C61
paper_archive_heron_case_L65536_d0.9_s20260728,paper_archive_heron_case,diplomatic archive inventory,65536,65498,0.9,919,both_correct,5.005615217000013,1,1,Heron,Heron,12.071791707000102,0.47397748200000933,25.469124938302162,11.785400261999712,0.13668385600021793,9.339500544,3.292082176,10.47527424,10.47527424,2048,0.03126813032459006,1,1,223,4729737E89D2203A3B8EBAE715F77307EFA1F6F9349F9DDF1A1121E4E063AAA8
paper_software_solstice_socket_L65536_d0.1_s20260728,paper_software_solstice_socket,software operations manual,65536,65499,0.1,102,both_correct,5.056128412999897,1,1,run/solstice/control.sock,run/solstice/control.sock,12.29597409400003,0.5909261869996953,20.80796953072985,11.856036684999708,0.1283012840003721,9.339506176,3.28350976,10.47527424,10.47527424,1958,0.02989358616162079,1,1,223,AC03D46899C408A204DB13036AA7EA7ED54BFDC4FE398C51C7106D90D328DBCF
paper_software_solstice_socket_L65536_d0.5_s20260728,paper_software_solstice_socket,software operations manual,65536,65498,0.5,511,both_correct,4.945017433999965,1,1,run/solstice/control.sock,run/solstice/control.sock,12.293612579000182,0.5927623830002631,20.739528910009675,11.852134482999645,0.1301619859996208,9.339500544,3.287980032,10.47527424,10.47527424,1998,0.030504748236587376,1,1,223,3AD34CCD2F7404D28A48E460F2C2101AA37F4FEF34BCE8F96334388F493DB5DA
paper_software_solstice_socket_L65536_d0.9_s20260728,paper_software_solstice_socket,software operations manual,65536,65492,0.9,918,both_correct,5.555534505000651,1,1,run/solstice/control.sock,run/solstice/control.sock,12.245356823999828,0.5824423120002393,21.024153931994547,11.805979708999985,0.130165544999727,9.339469824,3.288364544,10.47527424,10.47527424,2003,0.030583888108471263,1,1,223,A8F9730D79E0F486E1DBDC028D0A599532369E21C63E75D13E0120D7732D2BD3
paper_ecology_marrow_islet_L65536_d0.1_s20260728,paper_ecology_marrow_islet,coastal ecology census,65536,65495,0.1,102,compiled_only,4.785235225000179,0,1,Tern Rock,Marrow Islet,12.201959506000094,0.5002574179998192,24.391361461039853,11.869660019000548,0.10143991699987964,9.339485696,3.241406464,10.47527424,10.47527424,1516,0.023146805099625925,1,1,223,3F5D3824FA8466325A97535913BE38A2AB5EA53860C7032F84D1F6B91AA0FCC5
paper_ecology_marrow_islet_L65536_d0.5_s20260728,paper_ecology_marrow_islet,coastal ecology census,65536,65498,0.5,510,compiled_only,5.42211355299969,0,1,Lantern Islet,Marrow Islet,12.264045932000045,0.48421480400065775,25.32769719280079,11.863303119000193,0.09920592800062877,9.339500544,3.237787648,10.47527424,10.47527424,1478,0.02256557452135943,1,1,223,7F0C7421126B1D8107098C61B80219B73DF6C1D9401CF5240F0B9BB298DD9A73
paper_ecology_marrow_islet_L65536_d0.9_s20260728,paper_ecology_marrow_islet,coastal ecology census,65536,65497,0.9,918,both_correct,5.411519484000564,1,1,Marrow Islet,Marrow Islet,12.230581677999908,0.5696431299993492,21.470603319685225,11.858353116000217,0.1593645689999903,9.339495936,3.295259136,10.47527424,10.47527424,2054,0.03136021497167809,1,1,223,48CD40CC07DA35A3AEF75FD1B0F61FF81DDFDC5DE852304510E5C29D9331A328
paper_rail_northstar_platform8_L65536_d0.1_s20260728,paper_rail_northstar_platform8,rail service notice,65536,65496,0.1,102,both_correct,5.309064602000035,1,1,8,8,12.094287863000318,0.4427939150000384,27.313581901863465,11.849805673999981,0.12779137600045942,9.339490304,3.280177152,10.47527424,10.47527424,1923,0.029360571637962622,1,1,223,82D7CD9582EBA2BCD58E19BFE28F964675485EAD8375950F5D95308484211C98
paper_rail_northstar_platform8_L65536_d0.5_s20260728,paper_rail_northstar_platform8,rail service notice,65536,65496,0.5,511,both_correct,5.334420079000665,1,1,8,8,12.063261209999837,0.40164302900029725,30.034782976380026,11.818834327000332,0.10305432599943742,9.339490304,3.248455168,10.47527424,10.47527424,1590,0.024276291681934774,1,1,223,D25682B854D1790503DA41441C23DA9958E5374588F7A695B189CD448EE8D497
paper_rail_northstar_platform8_L65536_d0.9_s20260728,paper_rail_northstar_platform8,rail service notice,65536,65496,0.9,919,both_correct,5.563370202000442,1,1,8,8,12.097511594000025,0.4464902070003518,27.094685178594506,11.846975120000025,0.12930738999966707,9.339490304,3.284081152,10.47527424,10.47527424,1964,0.029986564064981066,1,1,223,B0C1FBB5682E7056D8637AE24999DFC05C3AC7F03D2A1B69FDE3B53BC729EAC4
paper_astronomy_polaris_field508_L65536_d0.1_s20260728,paper_astronomy_polaris_field508,observatory catalog revision,65536,65504,0.1,102,compiled_only,5.310313924999718,0,1,Polar Mosaic Five,Polaris Field 508,12.216278623999642,0.6469016279997959,18.884291050205082,11.809380114000305,0.126557476999551,9.339531264,3.265030144,10.47527424,10.47527424,1764,0.026929653150952613,1,1,223,CA080A2CC878EE06EF21FF0F38FD2F9BBA9354C3D07396CF88FA419DBE318BB9
paper_astronomy_polaris_field508_L65536_d0.5_s20260728,paper_astronomy_polaris_field508,observatory catalog revision,65536,65493,0.5,511,compiled_only,5.2268516549993365,0,1,Polaris Field 580,Polaris Field 508,12.36643914600063,0.5974546220004413,20.698541262588968,11.843841658000201,0.08668698600013158,9.339475456,3.230737408,10.47527424,10.47527424,1404,0.0214374055242545,1,1,223,27C90E330D530569BCA8DEECA5CDD22B3B32514D46CB05228D1BA367847B78E6
paper_astronomy_polaris_field508_L65536_d0.9_s20260728,paper_astronomy_polaris_field508,observatory catalog revision,65536,65492,0.9,919,both_correct,5.277419693000411,1,1,Polaris Field 508,Polaris Field 508,12.373488997000095,0.6770072090002941,18.2767462923644,11.84913407699969,0.15874228099983156,9.339469824,3.296086528,10.47527424,10.47527424,2071,0.03162218286202895,1,1,223,A7A2127562730B9746F833E760286BE0646E9D8C42452B5EAAE4BD08275EB247
paper_maritime_beacon76_3_L65536_d0.1_s20260728,paper_maritime_beacon76_3,harbor communications directive,65536,65503,0.1,102,compiled_only,5.116876664999836,0,1,76.8 megahertz,76.3 megahertz,12.32025834199976,0.6252195759998358,19.705490382794725,11.828047291000075,0.12705811700016056,9.339526656,3.265792,10.47527424,10.47527424,1772,0.02705219608262217,1,1,223,22DE627B1D5553062C18278386BFC3C73D4D1C80435C4807F58B750C78B50D8F
paper_maritime_beacon76_3_L65536_d0.5_s20260728,paper_maritime_beacon76_3,harbor communications directive,65536,65493,0.5,510,both_correct,5.739579318000324,1,1,76.3 kilohertz,76.3 megahertz,12.323233658999925,0.5669146650006951,21.737369695639845,11.844073285000377,0.08587255600014032,9.339475456,3.227309056,10.47527424,10.47527424,1368,0.020887728459530026,1,1,223,C2500E567E7666C3460C92C0440FA3C983D1D5F4EB712DA56A204423982836CA
paper_maritime_beacon76_3_L65536_d0.9_s20260728,paper_maritime_beacon76_3,harbor communications directive,65536,65500,0.9,919,both_correct,5.158269386000029,1,1,76.3 megahertz,76.3 megahertz,12.326143837000018,0.6393171869995058,19.280169667970377,11.840811013999883,0.13183576400024322,9.339510784,3.269889024,10.47527424,10.47527424,1815,0.027709923664122137,1,1,223,4F18EDA5CD4830FB07698AAC0C436B2855FBE3B86CA0B2B4F142A924DD1EAED9
paper_council_vote19_6_L65536_d0.1_s20260728,paper_council_vote19_6,municipal council record,65536,65496,0.1,102,neither_correct,5.16951164799957,0,0,16 votes to 9,19,12.257890980999946,0.48630054199929873,25.206410279957332,11.818711926000105,0.1426785829999062,9.339490304,3.302408192,10.47527424,10.47527424,2155,0.03290277268840845,1,1,223,5250FF4B8295EAFB9B686B3F74B1A1A64F060B1537E57CE5961E37583749CA35
paper_council_vote19_6_L65536_d0.5_s20260728,paper_council_vote19_6,municipal council record,65536,65503,0.5,510,neither_correct,6.590626936999797,0,0,6-to-2,19,12.212718085999768,0.4757882790008807,25.668387862865284,11.841995924000003,0.1227159540003413,9.339526656,3.275033088,10.47527424,10.47527424,1869,0.028533044288047874,1,1,223,B1C0A4A02C1C05211C3553393C11C75B143C2831969AB931A1221C9B6404322B
paper_council_vote19_6_L65536_d0.9_s20260728,paper_council_vote19_6,municipal council record,65536,65504,0.9,919,neither_correct,4.975567178999881,0,0,19,19,12.100102089000757,0.43143938100001833,28.045891547856275,11.81503426999916,0.10503218099984224,9.339531264,3.253955072,10.47527424,10.47527424,1639,0.025021372740595994,1,1,223,4F8ADC4E4D56A3B5AEC25827AAC2DFE76CBD038C5E06CB88AACE3CF711562FB9
paper_museum_azurite_1911_L65536_d0.1_s20260728,paper_museum_azurite_1911,museum conservation dossier,65536,65503,0.1,102,compiled_only,4.973330238000017,0,1,1901,1911,12.210596031999557,0.5289561019999383,23.08432776525751,11.848967396999797,0.12666986899967014,9.339526656,3.280177152,10.47527424,10.47527424,1923,0.029357434010656002,1,1,223,DE13B8B9972A94702B63C52E6DE479A1C19538DB9680FB823CA6D67F45547FD1
paper_museum_azurite_1911_L65536_d0.5_s20260728,paper_museum_azurite_1911,museum conservation dossier,65536,65503,0.5,511,compiled_only,5.124098792999575,0,1,1901,1911,12.220024102000025,0.5342425030003142,22.873552803028925,11.853595190000306,0.1292793820002771,9.339526656,3.283034112,10.47527424,10.47527424,1953,0.029815428300993846,1,1,223,3EFCDFADC1922FC35DBDD57C13C055D456710FAE258279BA83D92C2181900CB5
paper_museum_azurite_1911_L65536_d0.9_s20260728,paper_museum_azurite_1911,museum conservation dossier,65536,65503,0.9,919,both_correct,5.072695417999967,1,1,1911,1911,12.193092741999862,0.5375880129995494,22.68110978510617,11.830458243999601,0.13632864800001698,9.339526656,3.292082176,10.47527424,10.47527424,2048,0.031265743553730366,1,1,223,24DD6E5535D1858B1FF3E05362ACDDB894B5458FEF8AC502ED75D6E06FF1D7D5
paper_agriculture_lumen_barley_L65536_d0.1_s20260728,paper_agriculture_lumen_barley,agricultural field-trial report,65536,65493,0.1,102,compiled_only,5.124420402000396,0,1,Meridian,Lumen,12.130452823999804,0.49453793199973006,24.52886227543497,11.840279150000242,0.14504493799995544,9.339475456,3.308900864,10.47527424,10.47527424,2204,0.0336524514070206,1,1,223,B9A606376DBEF3F1BB0E6F6C3A93DB70B338EEC4E7E9BDD616EB11646631C479
paper_agriculture_lumen_barley_L65536_d0.5_s20260728,paper_agriculture_lumen_barley,agricultural field-trial report,65536,65492,0.5,511,both_correct,5.114879185999598,1,1,Lumen,Lumen,12.150021548999575,0.4718310240004939,25.75078986113227,11.866323727000236,0.12852659700001823,9.339469824,3.284748288,10.47527424,10.47527424,1971,0.03009527881267941,1,1,223,46174B21DDA35583AFC3C84CA47689A8C5F54FB6A5FCE316ABCBCBC32164603E
paper_agriculture_lumen_barley_L65536_d0.9_s20260728,paper_agriculture_lumen_barley,agricultural field-trial report,65536,65492,0.9,919,both_correct,5.264437906999774,1,1,Lumen,Lumen,12.097338495999793,0.4980237549998492,24.29068568426712,11.81554665800013,0.15834100400024909,9.339469824,3.295113728,10.47527424,10.47527424,2051,0.031316802052159046,1,1,223,10FDE1F3A2D042F8546555CEA6863C42FB92BD9125133EF48DA28C119F283CCA
paper_engineering_alloy_r62_L65536_d0.1_s20260728,paper_engineering_alloy_r62,turbopump maintenance specification,65536,65501,0.1,102,both_correct,5.384009208999487,1,1,R-62,R-62,12.254683030999331,0.5277120879991344,23.22228978582623,11.8869747990002,0.132025968000562,9.339516416,3.269317632,10.47527424,10.47527424,1809,0.027617898963374604,1,1,223,254A8185D31A30819A8E21A20955756EE1738D236F44FF5CD68CAA3465D498BE
paper_engineering_alloy_r62_L65536_d0.5_s20260728,paper_engineering_alloy_r62,turbopump maintenance specification,65536,65491,0.5,511,compiled_only,4.842726773000322,0,1,R-60,R-62,12.186386438999762,0.5239397939994888,23.25913507346925,11.820931902999291,0.13274039899988566,9.339465216,3.268936704,10.47527424,10.47527424,1805,0.02756103892137851,1,1,223,702722A362D9ADEB322B278205C30FD2203898BD7EA589B4F9947083CE1AC593
paper_engineering_alloy_r62_L65536_d0.9_s20260728,paper_engineering_alloy_r62,turbopump maintenance specification,65536,65501,0.9,919,both_correct,4.941077956999834,1,1,R-62,R-62,12.20380541600025,0.53406767999968,22.850672064648368,11.833579929000734,0.1290279400000145,9.339516416,3.281033728,10.47527424,10.47527424,1932,0.029495732889574206,1,1,223,DA98D1EE40A465765A2362B0C0E13E0B7FF6DDD1CFD13472525F0D8319F2022F
paper_geology_vesper_member_L81920_d0.1_s20260728,paper_geology_vesper_member,geological survey bulletin,81920,81877,0.1,127,both_correct,6.565396435999901,1,1,Vesper Member,Vesper Member,17.466282101000616,0.5800760980000632,30.110328905499415,17.06518647700068,0.1225582380002379,10.900237824,3.275508736,12.337545216,12.337545216,1874,0.02288799052236892,0,1,233,52AF77CB707347B64D11804D010379AE5233043199F14252E0D59CA9D62A15ED
paper_geology_vesper_member_L81920_d0.5_s20260728,paper_geology_vesper_member,geological survey bulletin,81920,81881,0.5,639,both_correct,5.8032855339997695,1,1,Vesper Member,Vesper Member,17.331510646000424,0.5350744410006882,32.39084007374243,16.93947607500013,0.10161569299998519,10.900250112,3.241977856,12.337545216,12.337545216,1522,0.018587950806658444,1,1,233,5E24F213F5002B68478BFC4109F2BCE47FBD667A0B0F94E07DAF4A0D74AC9F81
paper_geology_vesper_member_L81920_d0.9_s20260728,paper_geology_vesper_member,geological survey bulletin,81920,81877,0.9,1149,both_correct,6.516704960000425,1,1,Vesper Member,Vesper Member,17.331643560000884,0.5656289319995267,30.6413667680199,16.937416445000053,0.1267417180006305,10.900237824,3.279229952,12.337545216,12.337545216,1908,0.023303247554258215,1,1,233,AC461E4E9DDC2F4F23CA9D54BEEB0C11CA4A7A17E9B63E824FED27362DDE5670
paper_clinical_nalorex_18mg_L81920_d0.1_s20260728,paper_clinical_nalorex_18mg,clinical protocol amendment,81920,81884,0.1,128,compiled_only,6.389825869999186,0,1,16 milligrams,18 milligrams,17.399336477999896,0.6184373590003815,28.13435544405583,16.956466878000356,0.14212564900026337,10.900258816,3.29808384,12.337545216,12.337545216,2111,0.025780372233891846,1,1,233,D97524BA0C92155755A05A8FDEBBF6E5FE2820BB92EBBB7BF8E0E85E97F6FDF6
paper_clinical_nalorex_18mg_L81920_d0.5_s20260728,paper_clinical_nalorex_18mg,clinical protocol amendment,81920,81884,0.5,638,both_correct,6.502148949999537,1,1,18 milligrams,18 milligrams,17.37966581100045,0.5891900469996472,29.497554990114857,16.930813773999944,0.12101643299956777,10.900258816,3.257600512,12.337545216,12.337545216,1686,0.020590103072639344,1,1,233,ACCE1D7AB77AF946CEF4B2A42F80F5199271DFECE627B996346C3615E35B71C8
paper_clinical_nalorex_18mg_L81920_d0.9_s20260728,paper_clinical_nalorex_18mg,clinical protocol amendment,81920,81884,0.9,1149,both_correct,6.561443337999663,1,1,18 milligrams,18 milligrams,17.38323296999988,0.608379309999691,28.573017991043628,16.93499359099951,0.12614450299952296,10.900258816,3.266553856,12.337545216,12.337545216,1780,0.021738068487128132,1,1,233,3FADB875C2699E0824126FDF2F52CCADE6E7F507CE36C670508C779772F5AB2A
paper_archive_heron_case_L81920_d0.1_s20260728,paper_archive_heron_case,diplomatic archive inventory,81920,81879,0.1,127,both_correct,8.090999029000159,1,1,Heron,Heron,17.373715574000016,0.5512750220004818,31.51551381913478,17.015640306999558,0.13174456500019005,10.900243968,3.273793024,12.337545216,12.337545216,1856,0.022667594865594352,1,1,233,7FD28D82F8FBBC91FC6CDC143D06C30CEE07A261435785AB141BFB1CC780BFB1
paper_archive_heron_case_L81920_d0.5_s20260728,paper_archive_heron_case,diplomatic archive inventory,81920,81888,0.5,639,both_correct,6.4870516219998535,1,1,Heron,Heron,17.338516460999926,0.5404439320000165,32.08198933205785,16.982286522999857,0.12243529300030787,10.900271104,3.259124224,12.337545216,12.337545216,1702,0.020784486127393514,1,1,233,3A6C3BB57BCF45AF65CC181CB6A2F9CF6D4719705D409DB8AF06468522878F84
paper_archive_heron_case_L81920_d0.9_s20260728,paper_archive_heron_case,diplomatic archive inventory,81920,81879,0.9,1149,both_correct,6.18922141800067,1,1,Heron document case,Heron,17.397770853999646,0.538721653999346,32.29454529039734,16.949044747999324,0.12557593600013206,10.900243968,3.283216896,12.337545216,12.337545216,1934,0.02362022008085101,1,1,233,DA644C79124BDE4E7664A872EF15D469EB10A4CFE1BB670A4661DAB13723D302
paper_software_solstice_socket_L81920_d0.1_s20260728,paper_software_solstice_socket,software operations manual,81920,81880,0.1,127,compiled_only,7.947724464999737,0,1,run/solstice/relay.sock,run/solstice/control.sock,17.59252294399994,0.6563733390003108,26.802616588288345,17.005409868999777,0.12223510599960719,10.900246528,3.276925952,12.337545216,12.337545216,1878,0.02293600390815828,1,1,233,8FDAA91E7881363C10D171C64EBFEB78C0D797020F3291290CBBF9D9DD056F08
paper_software_solstice_socket_L81920_d0.5_s20260728,paper_software_solstice_socket,software operations manual,81920,81883,0.5,639,both_correct,6.298363392000283,1,1,run/solstice/control.sock,run/solstice/control.sock,17.56075524300013,0.6654440170004818,26.389530590651347,17.020099499000025,0.12905777499963733,10.900256256,3.28493568,12.337545216,12.337545216,1963,0.02397323009660125,1,1,233,4533874DD77CA9B3547A0098DDC594D4462FD66958282116AE07202DBFA9A024
paper_software_solstice_socket_L81920_d0.9_s20260728,paper_software_solstice_socket,software operations manual,81920,81876,0.9,1149,both_correct,5.942599662999783,1,1,run/solstice/control.sock,run/solstice/control.sock,17.521522097999878,0.6665311970000403,26.28762491067439,16.984952127000724,0.12896311399981641,10.90023424,3.284756992,12.337545216,12.337545216,1960,0.02393863891738727,1,1,233,E0D20F4A26BE042C251519FD90D0A0C15A507207C4A93CAA98ED81D7A59C86E8
paper_ecology_marrow_islet_L81920_d0.1_s20260728,paper_ecology_marrow_islet,coastal ecology census,81920,81883,0.1,127,compiled_only,7.800172523999208,0,1,Lantern Islet,Marrow Islet,17.45174107799994,0.5948714779997317,29.33699416331373,16.96187641800043,0.12141993299974274,10.900256256,3.25979136,12.337545216,12.337545216,1709,0.020871243115176533,1,1,233,73625639F289D90F2BE7F4BA7E750B5577905E5C39ECF42FE0B978855F85A285
paper_ecology_marrow_islet_L81920_d0.5_s20260728,paper_ecology_marrow_islet,coastal ecology census,81920,81888,0.5,639,compiled_only,6.091048156999932,0,1,Lantern Islet,Marrow Islet,17.452295647000028,0.6044334529997286,28.873808291692722,16.9634173000004,0.1288201540000955,10.900271104,3.28440064,12.337545216,12.337545216,1954,0.023861860101602187,1,1,233,5A8CA436397EE01D7C3B1C542B45DCEBCA67B3B798F8E438E86458EB3A7DECDE
paper_ecology_marrow_islet_L81920_d0.9_s20260728,paper_ecology_marrow_islet,coastal ecology census,81920,81880,0.9,1149,compiled_only,6.874244071000248,0,1,Lantern Islet,Marrow Islet,17.472143914999833,0.6144177260002834,28.436913805757897,16.976283894000517,0.13126111600013246,10.900246528,3.287701504,12.337545216,12.337545216,2002,0.024450415241817295,1,1,233,3A7B432E5B3D25974A1CADDBD769D14FCD7543C9DF1CEA9B661016270320542F
paper_rail_northstar_platform8_L81920_d0.1_s20260728,paper_rail_northstar_platform8,rail service notice,81920,81876,0.1,128,both_correct,5.9516722280004615,1,1,8,8,17.265576627999508,0.5138802980000037,33.59844052242568,16.960091785999794,0.1275217660004273,10.90023424,3.278922752,12.337545216,12.337545216,1904,0.023254677805461917,1,1,233,C8E13938A6D04EEAAA6D1BCC51F8477A1F1755D4B6E501235A3375600929AED8
paper_rail_northstar_platform8_L81920_d0.5_s20260728,paper_rail_northstar_platform8,rail service notice,81920,81876,0.5,639,both_correct,6.017839014999481,1,1,8,8,17.245004426000378,0.5185443899999882,33.256563485337814,16.941185904000122,0.1283449020002081,10.90023424,3.285054464,12.337545216,12.337545216,1965,0.023999706873809173,1,1,233,868ACC2E23449634102A7F449A97C6A39CE7AD458E9087ADB4B62C359327B963
paper_rail_northstar_platform8_L81920_d0.9_s20260728,paper_rail_northstar_platform8,rail service notice,81920,81876,0.9,1149,both_correct,6.212195248000171,1,1,8,8,17.272517169999446,0.5144986889999927,33.571547487460535,16.965360997999596,0.13216262700007064,10.90023424,3.29255936,12.339642368,12.339642368,2044,0.024964580585275294,1,1,233,35F6D75B6222D10141856BE1F234EEA134DDD2A25CFBE5FDA3FF9BE68487C097
paper_astronomy_polaris_field508_L81920_d0.1_s20260728,paper_astronomy_polaris_field508,observatory catalog revision,81920,81888,0.1,128,compiled_only,6.228103194999676,0,1,Polar Mosaic Five,Polaris Field 508,17.41336901500017,0.6938522279997414,25.096653598994656,16.910977947999527,0.10197619300015504,10.900271104,3.241596928,12.339642368,12.339642368,1518,0.018537514654161782,1,1,233,A9C7BFF2E457DCDE505F463B6E8CD3BED5291FDB55DE955C15587D7C52E2C220
paper_astronomy_polaris_field508_L81920_d0.5_s20260728,paper_astronomy_polaris_field508,observatory catalog revision,81920,81888,0.5,639,neither_correct,6.297845410999798,0,0,Polar Field 580,Polar Field 508,17.568523775000358,0.6955770909999046,25.257479008897903,16.988631494999936,0.1316643230002228,10.900271104,3.288559104,12.339642368,12.339642368,2011,0.024557932786244626,1,1,233,1DF25691CD9267C5E888AEA079780228DF19D3CF5095B9988098452CE1C864C2
paper_astronomy_polaris_field508_L81920_d0.9_s20260728,paper_astronomy_polaris_field508,observatory catalog revision,81920,81888,0.9,1149,neither_correct,6.341603062000104,0,0,Polar Mosaic Five,Polar Field 508,17.443259575999946,0.7028480520002631,24.817966737415695,16.95574128000044,0.14083727300021565,10.900271104,3.297560576,12.339642368,12.339642368,2103,0.025681418522860492,1,1,233,E14C9C6C7FC63E13F7024C18402871F4DC92166CDA6A7BFECC00851D37028CC3
paper_maritime_beacon76_3_L81920_d0.1_s20260728,paper_maritime_beacon76_3,harbor communications directive,81920,81880,0.1,128,compiled_only,5.788251584000136,0,1,76.8 megahertz,76.3 megahertz,17.517523938999148,0.6928305390001697,25.283995079487767,16.938741955000296,0.12521315399953892,10.900246528,3.263315968,12.339642368,12.339642368,1746,0.021323888617489007,1,1,233,AF996C1F5CC0DF8E7E75A92ACA9CCCD35422A8BE2FDBBD7236418E172A3CA42E
paper_maritime_beacon76_3_L81920_d0.5_s20260728,paper_maritime_beacon76_3,harbor communications directive,81920,81882,0.5,639,both_correct,6.109409138000046,1,1,76.3 kilohertz,76.3 megahertz,17.52788850200068,0.705729600000268,24.836550007246434,16.948182696000003,0.12948588200015365,10.900252672,3.26884096,12.339642368,12.339642368,1804,0.022031704159644366,1,1,233,572A0D9580AD57F000B35C419FCF753FF5A110EBE58CC14F26CAD20DE427E019
paper_maritime_beacon76_3_L81920_d0.9_s20260728,paper_maritime_beacon76_3,harbor communications directive,81920,81880,0.9,1149,both_correct,5.920454211000106,1,1,76.3 kilohertz,76.3 megahertz,17.55534570100008,0.6854269420000492,25.612278457824058,16.967811287000586,0.12237241999991966,10.900246528,3.277924864,12.339642368,12.339642368,1891,0.02309477283829995,0,1,233,71D34000117224A708095C6DFCCBBFBC4830E356D3B9E32705B897D82C606152
paper_council_vote19_6_L81920_d0.1_s20260728,paper_council_vote19_6,municipal council record,81920,81881,0.1,128,neither_correct,6.06244699599938,0,0,16,19,17.33108815899959,0.506077961000301,34.245885998954385,16.979544468999848,0.10515296699941246,10.900250112,3.252361728,12.339642368,12.339642368,1631,0.019919150962982867,1,1,233,73C5017FFA59ACD7752BD71359125E165F2332BE15C699D25892A8D438A59E99
paper_council_vote19_6_L81920_d0.5_s20260728,paper_council_vote19_6,municipal council record,81920,81886,0.5,639,neither_correct,6.597477168999831,0,0,6-to-2,19,17.43633633599984,0.5472950959992886,31.859113051549258,16.994601314000647,0.12914681500024017,10.90026496,3.28493568,12.339642368,12.339642368,1963,0.023972351806169554,1,1,233,BAA5468F915F7CD85443F40265357277AE07D11E085BA1535A6872F0947B28CE
paper_council_vote19_6_L81920_d0.9_s20260728,paper_council_vote19_6,municipal council record,81920,81884,0.9,1150,neither_correct,5.884651762000431,0,0,19,19,17.313025138999365,0.5726947269995435,30.23080940469907,16.963180364000436,0.15855738399932306,10.900258816,3.296098816,12.339642368,12.339642368,2074,0.025328513506912217,1,1,233,7667C9FC38F9C12E43FEF39C4D6E801F497BABE7D382502CE593DC8D4E0B65CF
paper_museum_azurite_1911_L81920_d0.1_s20260728,paper_museum_azurite_1911,museum conservation dossier,81920,81887,0.1,127,compiled_only,5.671252301000095,0,1,1941,1911,17.422625256000174,0.5614933079996263,31.02908798338122,16.98029827099981,0.10200238700053887,10.900268544,3.244932096,12.339642368,12.339642368,1553,0.01896515930489577,1,1,233,F0EF3CC583B7D666A8622132DD23A23E7EDAF5A5DD37B936D1E3C468D73CEE9A
paper_museum_azurite_1911_L81920_d0.5_s20260728,paper_museum_azurite_1911,museum conservation dossier,81920,81887,0.5,639,both_correct,5.7188531270003296,1,1,1911,1911,17.357879449999928,0.5989661789999445,28.979732176166053,16.919609323999794,0.1297170100006042,10.900268544,3.287606784,12.339642368,12.339642368,2001,0.0244361131803583,1,1,233,974AED1713D456996B187F3276FF578EFE8E383B0877FDC3EC97F25FF5E4144C
paper_museum_azurite_1911_L81920_d0.9_s20260728,paper_museum_azurite_1911,museum conservation dossier,81920,81887,0.9,1150,both_correct,5.850224265000179,1,1,1911,1911,17.39609530100006,0.5833351040000707,29.821787136948902,16.95731038699978,0.1219488619999538,10.900268544,3.25979136,12.339642368,12.339642368,1709,0.02087022360081576,1,1,233,6D15C932189F80002DC758E35F496596097FFC71451B2806B954DAAFD4864646
paper_agriculture_lumen_barley_L81920_d0.1_s20260728,paper_agriculture_lumen_barley,agricultural field-trial report,81920,81884,0.1,127,compiled_only,5.971609711999918,0,1,Meridian,Lumen,17.301827371999934,0.5313098960004936,32.56447414633485,16.951497715000187,0.12563091899937717,10.900258816,3.265887744,12.339642368,12.339642368,1773,0.021652581700942797,1,1,233,F7A2E1DF78CF5C05E85882BA17CB826B84DC7074DBC0619C0E47D66504ACDB27
paper_agriculture_lumen_barley_L81920_d0.5_s20260728,paper_agriculture_lumen_barley,agricultural field-trial report,81920,81884,0.5,639,compiled_only,5.966070692999892,0,1,Meridian,Lumen,17.356036547999793,0.5427655880002931,31.977039318105078,17.007147360999625,0.1282141399997272,10.900258816,3.283925504,12.339642368,12.339642368,1946,0.02376532655952323,1,1,233,BC77D5A4227112F791AE001CF9CDCD822111E4EA656D4CE847A31E439FBFE736
paper_agriculture_lumen_barley_L81920_d0.9_s20260728,paper_agriculture_lumen_barley,agricultural field-trial report,81920,81884,0.9,1150,compiled_only,6.066107192000345,0,1,Meridian,Lumen,17.30005691400038,0.5331312270000126,32.44990358443208,16.95329114499964,0.12441374700028973,10.900258816,3.265030144,12.339642368,12.339642368,1764,0.021542670118704508,1,1,233,532AF2C6234D8DC748B59B8794F5781438C6817D42748354BA7E3472FF6A2650
paper_engineering_alloy_r62_L81920_d0.1_s20260728,paper_engineering_alloy_r62,turbopump maintenance specification,81920,81885,0.1,127,both_correct,8.055099398000493,1,1,R-62,R-62,17.453786164999656,0.5671887060007066,30.772450121702374,17.010572651000075,0.10292547400058538,10.9002624,3.24112128,12.339642368,12.339642368,1513,0.018477132563961652,1,1,233,BAB8BC01C6466EB46C984870C377C964698FA0608985F1434D99493217E5E6F5
paper_engineering_alloy_r62_L81920_d0.5_s20260728,paper_engineering_alloy_r62,turbopump maintenance specification,81920,81881,0.5,639,both_correct,6.271244173000014,1,1,R-62,R-62,17.404681164000067,0.5594178159999501,31.112132410172684,16.958780547999595,0.10127055499924609,10.900250112,3.243503104,12.339642368,12.339642368,1538,0.018783356334192303,1,1,233,D41B0372EBEDEE546999CB13B2C9F855603F85DE5B0EA2210B2D7E580FAA9CEA
paper_engineering_alloy_r62_L81920_d0.9_s20260728,paper_engineering_alloy_r62,turbopump maintenance specification,81920,81886,0.9,1149,both_correct,6.1280835249999654,1,1,R-62,R-62,17.42204680099985,0.563508467000247,30.917098537566808,16.98010671100019,0.1031063290001839,10.90026496,3.247693312,12.339642368,12.339642368,1582,0.019319541802017438,1,1,233,4E06A84A41EB7A315A389F162AF61AE988C8335FC1A53A9AD6747238E23BBA31
paper_geology_vesper_member_L98304_d0.1_s20260728,paper_geology_vesper_member,geological survey bulletin,98304,98272,0.1,153,both_correct,7.278005983999719,1,1,Vesper Member,Vesper Member,23.1603239140004,0.6611949999996796,35.02797800045618,22.678870259999712,0.13056847199914046,12.460945408,3.289976832,14.170456064,14.170456064,2024,0.0205958971019212,1,1,240,9E6365BD15C152A3EBDCE4DF15ACDB23C77837C10CA9ABC0AF5A07528382A7E6
paper_geology_vesper_member_L98304_d0.5_s20260728,paper_geology_vesper_member,geological survey bulletin,98304,98271,0.5,766,both_correct,7.03600773800008,1,1,Vesper Member,Vesper Member,23.26611406900065,0.6558611860000383,35.474143867082404,22.787718554000094,0.13178662799964513,12.460942848,3.288210944,14.170456064,14.170456064,2001,0.02036206001770614,0,1,240,CB9BC9EC36E8EEA3E47EDD3D55F58B1F330AB9BC38F3896CD3E1D82A558EE727
paper_geology_vesper_member_L98304_d0.9_s20260728,paper_geology_vesper_member,geological survey bulletin,98304,98265,0.9,1380,both_correct,7.419197821000125,1,1,Vesper Member,Vesper Member,23.155788191999818,0.6425718139998935,36.03610940831534,22.679141635999258,0.12133618600000773,12.460924416,3.27465216,14.170456064,14.170456064,1865,0.018979290693532793,1,1,240,AF8ED8836DDC21E537C69AFFE4A8D4FC7FE5DDA0226B20CB96BD93AF41CA7E58
paper_clinical_nalorex_18mg_L98304_d0.1_s20260728,paper_clinical_nalorex_18mg,clinical protocol amendment,98304,98265,0.1,153,compiled_only,7.719931112000268,0,1,16 milligrams,18 milligrams,23.239101250000203,0.715156793999995,32.49511358204389,22.708952740999848,0.15995935999944777,12.460924416,3.297078784,14.170456064,14.170456064,2049,0.020851778354449704,1,1,240,C81C53E2DE855A01526897744926C70538FB6EA435EDB559AFFF1613DF739848
paper_clinical_nalorex_18mg_L98304_d0.5_s20260728,paper_clinical_nalorex_18mg,clinical protocol amendment,98304,98265,0.5,767,both_correct,7.904473219000465,1,1,18 milligrams,18 milligrams,23.24635439800022,0.6302060519992665,36.88691075601933,22.718163699999423,0.10028609100027097,12.460924416,3.243789312,14.170456064,14.170456064,1541,0.01568208416017911,1,1,240,A467637C965E7DBF6CF248458292CC12BE96CB4C2945ACA7715B6F4CBA5A0748
paper_clinical_nalorex_18mg_L98304_d0.9_s20260728,paper_clinical_nalorex_18mg,clinical protocol amendment,98304,98265,0.9,1380,both_correct,8.10411382700022,1,1,18 milligrams,18 milligrams,23.17758032599977,0.68258532299933,33.95557968365886,22.644624712999757,0.13039535699954286,12.460924416,3.287672832,14.170456064,14.170456064,1994,0.020292067368849538,1,1,240,C397D1132C55049CE0E0A49294FC0A358EE9A1081C755DA4CD408915D44321C0
paper_archive_heron_case_L98304_d0.1_s20260728,paper_archive_heron_case,diplomatic archive inventory,98304,98264,0.1,153,both_correct,7.548609162000503,1,1,Heron,Heron document case,23.088540425000247,0.6919381460002114,33.3679253824419,22.660487144999934,0.1221203670002069,12.460920832,3.276366336,14.170456064,14.170456064,1883,0.019162663844337704,1,1,240,DAB171FB1547A3D109F73A1253BEE87D92BDD4256ACD826D2BECAE487758A43F
paper_archive_heron_case_L98304_d0.5_s20260728,paper_archive_heron_case,diplomatic archive inventory,98304,98264,0.5,767,both_correct,7.773811973000193,1,1,Heron,Heron,23.097561176000454,0.5976303719999123,38.648573195345975,22.666882738999448,0.10655887099983374,12.460920832,3.25602816,14.170456064,14.170456064,1664,0.016933973784905968,1,1,240,832398BB9FFF1C36626E9E4B64C0BEEC1A2D9F6E3FDA42B9D01DDF57EE49A492
paper_archive_heron_case_L98304_d0.9_s20260728,paper_archive_heron_case,diplomatic archive inventory,98304,98264,0.9,1380,both_correct,7.767315723000138,1,1,Heron document case,Heron document case,23.208974641000168,0.6804488990001119,34.10832859764294,22.67517623799995,0.12823428199953923,12.460920832,3.278270976,14.170456064,14.170456064,1903,0.01936619718309859,1,1,240,09E6280D2E064BA97ECAA9908F6FA4FA032D966A3782E405B0AC26C7C4F64D2F
paper_software_solstice_socket_L98304_d0.1_s20260728,paper_software_solstice_socket,software operations manual,98304,98262,0.1,153,compiled_only,7.42694884499997,0,1,run/equinox/relay.sock,run/solstice/control.sock,23.403570872000273,0.7425924360004501,31.516037246555104,22.714560385000368,0.1293397310000728,12.460914688,3.278651904,14.170456064,14.170456064,1907,0.01940729885408398,1,1,240,29329F6EFE9147FD3DC91E269190FC2A55AC072B782EC23D7D74D6C057B369C1
paper_software_solstice_socket_L98304_d0.5_s20260728,paper_software_solstice_socket,software operations manual,98304,98262,0.5,767,both_correct,7.3951118209988635,1,1,run/solstice/control.sock,run/solstice/control.sock,23.352347134999945,0.7406668589992478,31.52881332715828,22.711362968000685,0.12701529799960554,12.460914688,3.281414656,14.170456064,14.170456064,1936,0.019702428202153427,1,1,240,4A87E31BA2324847AAEBBADBB13E91A338D4298A117863286F68F48F8F011705
paper_software_solstice_socket_L98304_d0.9_s20260728,paper_software_solstice_socket,software operations manual,98304,98262,0.9,1380,compiled_only,7.683642308998969,0,1,run/equinox/relay.sock,run/solstice/control.sock,23.320593484999335,0.7447705739996309,31.312452853448658,22.628373431,0.1268450469997333,12.460914688,3.280939008,14.170456064,14.170456064,1931,0.019651543831796625,1,1,240,82E169B85EC06B3243D77E79EEAAE56DAD8C0FC192301348C2017FA08A20C015
paper_ecology_marrow_islet_L98304_d0.1_s20260728,paper_ecology_marrow_islet,coastal ecology census,98304,98270,0.1,153,compiled_only,7.10023861099944,0,1,Lantern Islet,Marrow Islet,23.308045485000548,0.6769584640005633,34.43054001756473,22.719093077999787,0.12278286400032812,12.460939264,3.261600256,14.170456064,14.170456064,1728,0.017584206777246363,1,1,240,DD28AEA6A58720BC4235CB24F5DF8986171A7022108729D4EEA06C0689A7AE6E
paper_ecology_marrow_islet_L98304_d0.5_s20260728,paper_ecology_marrow_islet,coastal ecology census,98304,98270,0.5,767,compiled_only,7.1936339719995885,0,1,Lantern Islet,Marrow Islet,23.29582500199831,0.6823870010011888,34.1387291490298,22.706941352000285,0.12804399599917815,12.460939264,3.280081408,14.170456064,14.170456064,1922,0.019558359621451103,1,1,240,4FE7DDEC1CFC604217BF46FDFC3379A589FB193B9B8E25C0C9B1EC4BC074E452
paper_ecology_marrow_islet_L98304_d0.9_s20260728,paper_ecology_marrow_islet,coastal ecology census,98304,98270,0.9,1380,compiled_only,7.314499104999413,0,1,Lantern Islet,Marrow Islet,23.248492337001153,0.6640283500000805,35.01129482950289,22.662906857000053,0.12098452600002929,12.460939264,3.258933248,14.170456064,14.170456064,1699,0.01728910145517452,1,1,240,BD99E4642534778CDCA7FE31D3AE67841E479FD0974DB863BDBF5C7392EC42A6
paper_rail_northstar_platform8_L98304_d0.1_s20260728,paper_rail_northstar_platform8,rail service notice,98304,98261,0.1,154,both_correct,7.0958340449997195,1,1,8,8,23.0304191310006,0.5940655930007779,38.76746844513926,22.64994675700109,0.12848172500162036,12.460912128,3.278842368,14.170456064,14.170456064,1909,0.019427850317012853,1,1,240,0959C371A4912C289ABCFABEF12A459770FD0B5E4C23C6E0C3A452B9B3521CCA
paper_rail_northstar_platform8_L98304_d0.5_s20260728,paper_rail_northstar_platform8,rail service notice,98304,98261,0.5,767,both_correct,7.110272286001418,1,1,8,8,23.077955986000234,0.5420578449993627,42.57471079682901,22.697893864000434,0.09851265299948864,12.460912128,3.2315008,14.170456064,14.170456064,1412,0.014369892429346333,1,1,240,216B28692A129A2E113F8F8CB019C4BDE6F0A56D8409D9F3C20D64AE9120F22F
paper_rail_northstar_platform8_L98304_d0.9_s20260728,paper_rail_northstar_platform8,rail service notice,98304,98261,0.9,1380,both_correct,7.246055105000778,1,1,8,8,23.111165554000763,0.5933283149988711,38.951732067674435,22.72882673999993,0.13086244399892166,12.460912128,3.279889408,14.170456064,14.170456064,1920,0.019539797071065835,0,1,240,78EA326EEB3D3B3A02205500AEC062B519E3FFAE922201C6722F155AC0BC7CF7
paper_astronomy_polaris_field508_L98304_d0.1_s20260728,paper_astronomy_polaris_field508,observatory catalog revision,98304,98264,0.1,154,compiled_only,7.10708274299941,0,1,Polar Mosaic Five,Polaris Field 508,23.240408892999767,0.8093398340006388,28.715266340123602,22.654694999999265,0.12685970699931204,12.460920832,3.265125888,14.170456064,14.170456064,1765,0.017961817145648457,1,1,240,D67E08A953CAE47C89A69947AFDFBF3FE803FFE963F4DF74C8BF8932BE8F0789
paper_astronomy_polaris_field508_L98304_d0.5_s20260728,paper_astronomy_polaris_field508,observatory catalog revision,98304,98264,0.5,767,neither_correct,7.160639616000481,0,0,Polar Field 518,Polar Field 508,23.36216150800101,0.757763707999402,30.83040433498756,22.677297418000308,0.12769375500101887,12.460920832,3.280462336,14.170456064,14.170456064,1926,0.019600260522673614,1,1,240,54BAC0AC0420B0BF2CCA89C2B8D4E977C74AEF67FC8743557F935FB24E819104
paper_astronomy_polaris_field508_L98304_d0.9_s20260728,paper_astronomy_polaris_field508,observatory catalog revision,98304,98264,0.9,1380,compiled_only,7.412798163999469,0,1,Polar Mosaic Five,Polaris Field 508,23.244500374999916,0.8026619650008797,28.95926478212337,22.655696497000463,0.12639241500073695,12.460920832,3.265030144,14.170456064,14.170456064,1764,0.017951640478710413,0,1,240,22AE98B0CF45F61331AB850ACD8F6BEA63A93D75FA3C1ADBF061E43B9831D07F
paper_maritime_beacon76_3_L98304_d0.1_s20260728,paper_maritime_beacon76_3,harbor communications directive,98304,98272,0.1,153,compiled_only,7.8976800910004386,0,1,76.8 megahertz,76.3 megahertz,23.370384856001692,0.7940923219994147,29.430312079026645,22.682172729999365,0.146558783000728,12.460945408,3.307837952,14.170456064,14.170456064,2194,0.022325789645066752,1,1,240,E6A3432A3F2855F986ABC1804843B4C4E4EC6C236A47AA3D062F9FE209CA0CA1
paper_maritime_beacon76_3_L98304_d0.5_s20260728,paper_maritime_beacon76_3,harbor communications directive,98304,98263,0.5,766,both_correct,8.03932067200003,1,1,76.3 megahertz,76.3 megahertz,23.411917693998475,0.7819274249995942,29.941292433898997,22.72169756800031,0.12878095800078881,12.460918272,3.282366976,14.170456064,14.170456064,1946,0.019803995400099732,0,1,240,AB8A16ABC73ED2B117B7A1CBDF8922F2333E19E403E7ED6F59E3BE762F51A11D
paper_maritime_beacon76_3_L98304_d0.9_s20260728,paper_maritime_beacon76_3,harbor communications directive,98304,98270,0.9,1380,both_correct,8.081739699000536,1,1,76.3 kilohertz,76.3 megahertz,23.409572917998958,0.7769408260010096,30.130445118311417,22.716894162000244,0.12846329800049716,12.460939264,3.281319936,14.170456064,14.170456064,1935,0.019690648214104,1,1,240,ECE189947B0525B1EA9489BBDCEA0CF8661F85EB50E7D1111978F900A4D77A2A
paper_council_vote19_6_L98304_d0.1_s20260728,paper_council_vote19_6,municipal council record,98304,98272,0.1,153,neither_correct,7.076693220000379,0,0,16 votes to 9,6-to-2,23.31287313699977,0.7159869210008765,32.56047345726757,22.670730832000118,0.15760847500132513,12.460945408,3.297382912,14.170456064,14.170456064,2071,0.0210741615109085,1,1,240,945D9D05232F7B7699481A597AB39E1F1E49EE36E3AA485B4CE6D1E40E5BDDE1
paper_council_vote19_6_L98304_d0.5_s20260728,paper_council_vote19_6,municipal council record,98304,98272,0.5,767,neither_correct,7.150164163000227,0,0,6-to-2,19,23.187199136000345,0.6409234000002471,36.17780086667363,22.65388885900029,0.14345345299989276,12.460945408,3.297659392,14.170456064,14.170456064,2091,0.02127767828069033,1,1,240,2B22811A7A81B15180518168D47E5DD395A0E41E45A9B661272D19F03CE0E5EB
paper_council_vote19_6_L98304_d0.9_s20260728,paper_council_vote19_6,municipal council record,98304,98272,0.9,1380,neither_correct,7.400496325000859,0,0,19,19,23.103079554000942,0.6497082630012301,35.55915919443555,22.665832720000253,0.14031319500099926,12.460945408,3.29877248,14.170456064,14.170456064,2094,0.021308205796157602,0,1,240,20E637616696924DAE0B0B2EBA8C79F893628A2C75837017842B538F169B4F10
paper_museum_azurite_1911_L98304_d0.1_s20260728,paper_museum_azurite_1911,museum conservation dossier,98304,98267,0.1,154,compiled_only,7.277841838000313,0,1,1941,1911,23.223652704000415,0.7014353429985931,33.10875754381112,22.693946923000112,0.1429223439990892,12.46093056,3.298930688,14.170456064,14.170456064,2105,0.021421229914416844,1,1,240,98E77A2FE3C8A3F95672D697CDE1E2E5CBE26DACF1F5E56CDD386D5D98833578
paper_museum_azurite_1911_L98304_d0.5_s20260728,paper_museum_azurite_1911,museum conservation dossier,98304,98267,0.5,767,both_correct,7.386198982998394,1,1,1911,1911,23.213258187000974,0.6958247309994476,33.360783474393926,22.683414303000973,0.1359395929994207,12.46093056,3.295227904,14.170456064,14.170456064,2048,0.0208411776079457,1,1,240,927F29BB75045A92F151943DD890DAF57CAA333318471036639D57917A49366F
paper_museum_azurite_1911_L98304_d0.9_s20260728,paper_museum_azurite_1911,museum conservation dossier,98304,98267,0.9,1380,both_correct,7.509380049001265,1,1,1911,1911,23.176441336001517,0.7042975969998224,32.907170824845736,22.64607663500101,0.14308461800101213,12.46093056,3.300665344,14.170456064,14.170456064,2119,0.02156369890197116,1,1,240,7DE9B3128FD0F5B5D0FCA44CB16ED8B9832ADC7B2B5C207F692D67714BFDF878
paper_agriculture_lumen_barley_L98304_d0.1_s20260728,paper_agriculture_lumen_barley,agricultural field-trial report,98304,98270,0.1,154,both_correct,7.869438962999993,1,1,Lumen,Lumen,23.108893399999943,0.6259918099985953,36.91564814570305,22.679765359998783,0.1283701350002957,12.460939264,3.278937088,14.170456064,14.170456064,1910,0.019436247074386893,1,1,240,BE24158760CD3F0AE6E9D8A80188B6901901E2BAA139B2A878361D0EF36C5DED
paper_agriculture_lumen_barley_L98304_d0.5_s20260728,paper_agriculture_lumen_barley,agricultural field-trial report,98304,98270,0.5,767,both_correct,8.0178513080009,1,1,Lumen,Lumen,23.1535450829997,0.6284872260002885,36.840120411594604,22.724483216999943,0.13216344499960542,12.460939264,3.288825344,14.170456064,14.170456064,2009,0.020443675587666632,1,1,240,3103FE7BB6CFC39D08334DD4805F6A49D34AB000E3F85B10A4F6783B5551A35D
paper_agriculture_lumen_barley_L98304_d0.9_s20260728,paper_agriculture_lumen_barley,agricultural field-trial report,98304,98270,0.9,1380,both_correct,8.207735060999767,1,1,Lumen,Lumen,23.11767842900008,0.6327122890015744,36.537425984692,22.68968199399933,0.1296176400010154,12.460939264,3.289669632,14.170456064,14.170456064,2020,0.02055561208914216,1,1,240,1D3E07523B8F4CC20E0293B52A49E85B00A8C94F3F52476277D4B03A3339CDD5
paper_engineering_alloy_r62_L98304_d0.1_s20260728,paper_engineering_alloy_r62,turbopump maintenance specification,98304,98270,0.1,153,both_correct,7.73730503600018,1,1,R-62,R-62,23.29561380300038,0.6758364630004507,34.46930593175888,22.761469963999843,0.12704696000037075,12.460939264,3.263602176,14.170456064,14.170456064,1749,0.017797903734608732,1,1,240,4A2860865A825CEB7718D220A63E209C0B75B5981816D1E18ED00FF8F4038D4A
paper_engineering_alloy_r62_L98304_d0.5_s20260728,paper_engineering_alloy_r62,turbopump maintenance specification,98304,98270,0.5,767,both_correct,7.7586839190007595,1,1,R-62,R-62,23.26648127699991,0.6696157769983984,34.74601715821812,22.725360329999603,0.12290790000042762,12.460939264,3.259981824,14.170456064,14.170456064,1711,0.01741121400223873,1,1,240,EF0D00D57FF3476D42654599E4A2379A1BB67CC2BBBDE022611F1651E5E06301
paper_engineering_alloy_r62_L98304_d0.9_s20260728,paper_engineering_alloy_r62,turbopump maintenance specification,98304,98270,0.9,1380,both_correct,7.9574693450013,1,1,R-62,R-62,23.29878078299953,0.6280221590004658,37.098660372240545,22.7648908150004,0.10112010900047608,12.460939264,3.23931136,14.170456064,14.170456064,1494,0.01520301210949425,1,1,240,11841B24F3E4EA62AAABE1B0BB55482E680394784585A856EBE30F81D2AD160C
paper_geology_vesper_member_L114688_d0.1_s20260728,paper_geology_vesper_member,geological survey bulletin,114688,114644,0.1,179,both_correct,7.868660078998801,1,1,Vesper Member,Vesper Member,31.87534337500074,0.7250636730004771,43.962129895562654,31.320322817999113,0.13133634100086056,14.021582848,3.2912256,15.971909632,15.971909632,2039,0.01778549248107184,1,1,248,5B88C43332D4F7DBC4A0055742D84833C316190DC47C5E9172901C5431A42565
paper_geology_vesper_member_L114688_d0.5_s20260728,paper_geology_vesper_member,geological survey bulletin,114688,114654,0.5,895,both_correct,9.194113995001317,1,1,Vesper Member,Vesper Member,32.3206028600016,0.7263484359991708,44.49738067590263,31.77214719800031,0.13329257999976107,14.021613568,3.271031808,15.971909632,15.971909632,1827,0.015934899785441416,1,1,248,9BB0866637E3CF77C83B3588A7011A87F86A8F0730339F1E27749E9590E79492
paper_geology_vesper_member_L114688_d0.9_s20260728,paper_geology_vesper_member,geological survey bulletin,114688,114644,0.9,1610,both_correct,8.773092754001482,1,1,Vesper Member,Vesper Member,32.00639367400072,0.7131143869992229,44.8825521648543,31.45867204299975,0.12619009900117817,14.021582848,3.281319936,15.971909632,15.971909632,1935,0.016878336415337914,1,1,248,2C1D9B2DD3E232A9C8ABC34EEEFD8445D423EE8AB318A340CE783A2525C785CF
paper_clinical_nalorex_18mg_L114688_d0.1_s20260728,paper_clinical_nalorex_18mg,clinical protocol amendment,114688,114645,0.1,179,compiled_only,8.576147096999193,0,1,16 milligrams,18 milligrams,32.218065013999876,0.7608223959996394,42.3463678033147,31.60718916100086,0.1379437619998498,14.021586432,3.291987456,15.976103936,15.976103936,2047,0.017855117972872783,1,1,248,7A11AD8047CC08E3A712FDC99C326FBEAF1559934E10DF58CFBE5F15A398F71B
paper_clinical_nalorex_18mg_L114688_d0.5_s20260728,paper_clinical_nalorex_18mg,clinical protocol amendment,114688,114645,0.5,895,both_correct,8.400072603000808,1,1,18 milligrams,18 milligrams,32.15622815899951,0.7422045410003193,43.3252915909951,31.53834936900057,0.12254590699922119,14.021586432,3.276937728,15.976103936,15.976103936,1889,0.016476950586593396,1,1,248,764024CF85A6DD25A2B68DBC0DA4B2CEAF2493E303E1218B9F8A9A9D01D144B8
paper_clinical_nalorex_18mg_L114688_d0.9_s20260728,paper_clinical_nalorex_18mg,clinical protocol amendment,114688,114645,0.9,1610,both_correct,8.556969582999955,1,1,18 milligrams,18 milligrams,32.157630720999805,0.7455296189982619,43.13394116280547,31.527226743999563,0.12912487600078748,14.021586432,3.281795584,15.976103936,15.976103936,1940,0.016921802084696236,1,1,248,0A460B4EA59BB6D5F70220EE2E5D3A63AE62EEC3EE3E4E2FCBB1033A530637AC
paper_archive_heron_case_L114688_d0.1_s20260728,paper_archive_heron_case,diplomatic archive inventory,114688,114653,0.1,178,both_correct,8.243735740001284,1,1,Heron,Heron,31.974574478999784,0.682917620999433,46.820543936479176,31.475762592999672,0.12236179799947422,14.021611008,3.277413376,15.976103936,15.976103936,1894,0.016519410743722363,0,1,248,ACA328C9CEEA504353CD44185220CA43D40C1D19FE63AD3B5D054C0867E5C63F
paper_archive_heron_case_L114688_d0.5_s20260728,paper_archive_heron_case,diplomatic archive inventory,114688,114653,0.5,896,both_correct,8.366694009999264,1,1,Heron,Heron,31.980653881999388,0.6696484290005174,47.75737909179009,31.485518396999396,0.10551877100078855,14.021611008,3.25412096,15.976103936,15.976103936,1641,0.01431275239200021,1,1,248,6882266BD3544535DEEDBE4F502F122219BFD9ED97ED6A657BBF3F7BAB8A469D
paper_archive_heron_case_L114688_d0.9_s20260728,paper_archive_heron_case,diplomatic archive inventory,114688,114648,0.9,1610,both_correct,9.835635811999964,1,1,Heron document case,Heron,32.101186310999765,0.7014940830013074,45.76116476087217,31.486411223000687,0.13111717299943848,14.021595136,3.289976832,15.976103936,15.976103936,2024,0.017654036703649432,1,1,248,14A09491AB7FD5F36694042DF9EA92D466B2C8D83EB1731B655981E957B8F351
paper_software_solstice_socket_L114688_d0.1_s20260728,paper_software_solstice_socket,software operations manual,114688,114645,0.1,178,both_correct,9.089519970000765,1,1,run/solstice/control.sock,run/solstice/control.sock,32.23309969000002,0.8047136170007434,40.05536753576551,31.505344384000637,0.12244637000003422,14.021586432,3.25818624,15.976103936,15.976103936,1690,0.014741157486152907,1,1,248,F723CCF5DEA483E0E39A4BCCB049F53CA53035891262824279A1171B1C1FD135
paper_software_solstice_socket_L114688_d0.5_s20260728,paper_software_solstice_socket,software operations manual,114688,114647,0.5,895,both_correct,8.287240009000016,1,1,run/solstice/control.sock,run/solstice/control.sock,32.27753359000053,0.8281395169997268,38.97596108798076,31.5482612779997,0.1407066230003693,14.021592576,3.29891584,15.976103936,15.976103936,2104,0.018351984788088655,1,1,248,F637DFE26642482F8488615A5E55B184806F1FFBF3D1094E58A2D0B3F42ABCD4
paper_software_solstice_socket_L114688_d0.9_s20260728,paper_software_solstice_socket,software operations manual,114688,114644,0.9,1610,both_correct,9.187609941000119,1,1,run/solstice/control.sock,run/solstice/control.sock,31.99795198600077,0.8284534899994469,38.6237156005247,31.25582438499987,0.13284646099964448,14.021582848,3.290844672,15.976103936,15.976103936,2035,0.017750601863158997,1,1,248,B0BC92EEAB0251EBAD9DEF14781E38F7E8AA1EA410E72DFEAEDB334D75349F01
paper_ecology_marrow_islet_L114688_d0.1_s20260728,paper_ecology_marrow_islet,coastal ecology census,114688,114650,0.1,179,compiled_only,8.293751515999247,0,1,Lantern Islet,Marrow Islet,32.244404950999524,0.7470170329997927,43.164216512595196,31.57166978099849,0.12261222200140764,14.02160128,3.261315072,15.976103936,15.976103936,1725,0.015045791539467945,1,1,248,3E704E17977984E1F60BDCE0D11AF47FECFEDD5A482479DFDA6AD1D6044A47C6
paper_ecology_marrow_islet_L114688_d0.5_s20260728,paper_ecology_marrow_islet,coastal ecology census,114688,114655,0.5,894,compiled_only,11.77989737399912,0,1,Lantern Islet,Marrow Islet,32.193647464000605,0.7533576199984964,42.73355257767866,31.522411863999878,0.13365828700079874,14.021617152,3.269602816,15.976103936,15.976103936,1812,0.015803933539749685,1,1,248,FE27337966D84D0B26018D22D277CDFAD5D0AC3B67B835159A80AE344DDD81D2
paper_ecology_marrow_islet_L114688_d0.9_s20260728,paper_ecology_marrow_islet,coastal ecology census,114688,114650,0.9,1610,compiled_only,8.817089864000081,0,1,Pine Basin,Marrow Islet,32.11189250800089,0.6818379390006157,47.09607763256467,31.548905408000792,0.08494000700011384,14.02160128,3.22575104,15.976103936,15.976103936,1349,0.011766245093763629,1,1,248,3387047FE3D4C41C7302AD10A7AFC815703BD3E2B30CEA6BDDB984ED49DA7233
paper_rail_northstar_platform8_L114688_d0.1_s20260728,paper_rail_northstar_platform8,rail service notice,114688,114655,0.1,179,both_correct,8.158027481000317,1,1,8,8,32.11102860699975,0.7111234639996837,45.1553495737472,31.658732292000423,0.1579528099991876,14.021617152,3.297438208,15.976103936,15.976103936,2075,0.018097771575596354,1,1,248,334B957B11CD3B917578469B53E5FAE9675A455B90A15A7EDB8ED2EFFA9A767A
paper_rail_northstar_platform8_L114688_d0.5_s20260728,paper_rail_northstar_platform8,rail service notice,114688,114655,0.5,895,both_correct,8.29251396499967,1,1,8,8,31.999871653999435,0.6647414500002924,48.13882398033906,31.558805925000343,0.12895262900019588,14.021617152,3.287442944,15.976103936,15.976103936,1991,0.017365138894945707,1,1,248,EE3955710E3396B9EBD4574405B93F1175B53EF7A9AE6D82112F4D1B09D3F299
paper_rail_northstar_platform8_L114688_d0.9_s20260728,paper_rail_northstar_platform8,rail service notice,114688,114655,0.9,1611,both_correct,8.485168303001046,1,1,8,8,31.941117869000664,0.6617771870005527,48.26566780546031,31.50213698799962,0.1291281270005129,14.021617152,3.282176512,15.976103936,15.976103936,1944,0.016955213466486416,1,1,248,D35ACC4B451A67D42FDF0B2280FBABEE8B17111ACC22D604373082F831FB9C83
paper_astronomy_polaris_field508_L114688_d0.1_s20260728,paper_astronomy_polaris_field508,observatory catalog revision,114688,114647,0.1,179,compiled_only,9.571592207999856,0,1,Polar Mosaic Five,Polaris Field 508,32.23082772899943,0.8830863999992289,36.49793239826542,31.558644773000196,0.14315311900099914,14.021592576,3.307159552,15.976103936,15.976103936,2181,0.019023611607804827,1,1,248,EC64261F02F339DF835C4526E2F1FF7366F94228D961708A659298FCCCAF86D4
paper_astronomy_polaris_field508_L114688_d0.5_s20260728,paper_astronomy_polaris_field508,observatory catalog revision,114688,114649,0.5,895,compiled_only,9.735259066999788,0,1,Polaris Field 580,Polaris Field 508,32.32984755600046,0.8512778639997123,37.978019778523674,31.4783826139992,0.13207851100014523,14.02159872,3.269602816,15.976103936,15.976103936,1812,0.015804760617188114,1,1,248,E2749568F25B04BFFBE297D8CFABFEAB2569ED28E6500135462C5825D31785C7
paper_astronomy_polaris_field508_L114688_d0.9_s20260728,paper_astronomy_polaris_field508,observatory catalog revision,114688,114649,0.9,1610,both_correct,9.755771219999588,1,1,Polaris Field 508,Polaris Field 508,32.356013403999896,0.8683596900009434,37.26107254467874,31.508630508998976,0.12968907300091814,14.02159872,3.288210944,15.976103936,15.976103936,2001,0.017453270416663034,1,1,248,9AEF1DCAB0B3A55ECE484E22956AB671A75D2E19C9F57EE02BD242F043822463
paper_maritime_beacon76_3_L114688_d0.1_s20260728,paper_maritime_beacon76_3,harbor communications directive,114688,114645,0.1,179,compiled_only,8.266443867998532,0,1,76.8 megahertz,76.3 megahertz,32.45259833700038,0.8436521789990366,38.466798456568014,31.665474305000316,0.12831079500028864,14.021586432,3.28341504,15.976103936,15.976103936,1957,0.01707008591739718,1,1,248,A8201DC4D1AAA5890FE399608B026E904F71B82716BD0089BE3A51090B818A0D
paper_maritime_beacon76_3_L114688_d0.5_s20260728,paper_maritime_beacon76_3,harbor communications directive,114688,114655,0.5,894,both_correct,8.717462560000058,1,1,76.3 megahertz,76.3 megahertz,32.329171964000125,0.7913552660011192,40.85291821885015,31.54587377400094,0.10014153699921735,14.021617152,3.245884416,15.976103936,15.976103936,1563,0.013632200950678122,1,1,248,705932CCA7E086331DE2EBC8351D260409ACC1F4D5604EABCD7D41F84FA8ABAF
paper_maritime_beacon76_3_L114688_d0.9_s20260728,paper_maritime_beacon76_3,harbor communications directive,114688,114647,0.9,1610,both_correct,9.430902666999827,1,1,76.3 kilohertz,76.3 megahertz,32.48762557000009,0.8390469869991648,38.71967371719128,31.702237180999873,0.12802690700118546,14.021592576,3.265506816,15.976103936,15.976103936,1769,0.015429972001011802,1,1,248,CD20A68E81283CBF2531FDDCDE6BC9AFA28CCA16D20BDA4C605FCE54F6D1C977
paper_council_vote19_6_L114688_d0.1_s20260728,paper_council_vote19_6,municipal council record,114688,114647,0.1,179,neither_correct,8.798519928999667,0,0,18 votes to 7,19,32.287863413001105,0.7231671330009704,44.6478579287947,31.556374165998932,0.15637244699973962,14.021592576,3.297396224,15.976103936,15.976103936,2072,0.01807286714872609,1,1,248,408583E3A686914BDD7CD67A221B0EC08D1F4F3536C7047F2C8171A82CD477EA
paper_council_vote19_6_L114688_d0.5_s20260728,paper_council_vote19_6,municipal council record,114688,114654,0.5,893,neither_correct,11.563126590999673,0,0,6-to-2,6-to-2,32.08710281000094,0.767863266999484,41.78752154063193,31.456849042999238,0.13180982899939409,14.021613568,3.289669632,15.976103936,15.976103936,2020,0.01761822526907042,1,1,248,8A1588E4A817C3E987B24D781CEEBDE6567FA180B82E4F37A735F852C5B81612
paper_council_vote19_6_L114688_d0.9_s20260728,paper_council_vote19_6,municipal council record,114688,114647,0.9,1610,neither_correct,9.131271928999922,0,0,19,19,32.043061622000096,0.689208764999421,46.492533538842935,31.54720254199856,0.12748433699925954,14.021592576,3.284748288,15.976103936,15.976103936,1971,0.017191902099487993,1,1,248,55475FADBAD656DE7B6E4FB15B95858028A7A80C9795C90559B9AFBE3E54467C
paper_museum_azurite_1911_L114688_d0.1_s20260728,paper_museum_azurite_1911,museum conservation dossier,114688,114648,0.1,179,compiled_only,8.839090306000799,0,1,1901,1911,31.980691232000027,0.7573755379999056,42.225672242406134,31.371872751999035,0.13281926099989505,14.021595136,3.291416064,15.976103936,15.976103936,2041,0.017802316656199847,1,1,248,272BAED958A4BE797790D5D54F889D0D06111DEFCCD2FD00D565D8AB86BEBE10
paper_museum_azurite_1911_L114688_d0.5_s20260728,paper_museum_azurite_1911,museum conservation dossier,114688,114648,0.5,895,both_correct,8.800720756998999,1,1,1911,1911,32.0868681209995,0.7715065379998123,41.58988490776381,31.45790656799909,0.15584958999897935,14.021595136,3.297368576,15.976103936,15.976103936,2070,0.018055264810550555,1,1,248,45434C88758536E90ADA2AA6A9A2A425832C3BA47E1CDB0B16C88D1DA3B2A9DB
paper_museum_azurite_1911_L114688_d0.9_s20260728,paper_museum_azurite_1911,museum conservation dossier,114688,114648,0.9,1610,both_correct,9.103143197999088,1,1,1911,1911,31.99607671800004,0.7683533569997962,41.64239854815722,31.374620571999912,0.1440528399998584,14.021595136,3.306740224,15.976103936,15.976103936,2173,0.01895366687600307,1,1,248,CE9F42E16D7CA9CDF574B28B928F3232546FAAC2D606FFE9D319CF99C11564D9
paper_agriculture_lumen_barley_L114688_d0.1_s20260728,paper_agriculture_lumen_barley,agricultural field-trial report,114688,114656,0.1,179,compiled_only,9.622999331999381,0,1,Meridian,Lumen,31.94679067299876,0.6740774509999028,47.39335313117211,31.449647233999713,0.12332701200102747,14.021619712,3.262363648,15.976103936,15.976103936,1736,0.015140943343566844,1,1,248,05ACDD076472780B70BB39C738B456F19B84FA5EA04661116E21B5BD758D3466
paper_agriculture_lumen_barley_L114688_d0.5_s20260728,paper_agriculture_lumen_barley,agricultural field-trial report,114688,114656,0.5,894,both_correct,9.865506427000582,1,1,Lumen,Lumen,31.934871518000364,0.6292853690010816,50.74783729469718,31.44614464500046,0.1001488279998739,14.021619712,3.236739072,15.976103936,15.976103936,1467,0.01279479486463857,1,1,248,E57405A56B7D8A425148D71E52E8516D5D3944DA98A30CF0615E85BE0B0990AD
paper_agriculture_lumen_barley_L114688_d0.9_s20260728,paper_agriculture_lumen_barley,agricultural field-trial report,114688,114656,0.9,1609,both_correct,10.025468955000179,1,1,Lumen,Lumen,31.98407822899935,0.6346543279996695,50.396061001912855,31.49313932500081,0.09973755499959225,14.021619712,3.241787392,15.976103936,15.976103936,1520,0.013257047167178342,1,1,248,3FBFFE27D22F4FD23F149F740E75DC2603127C5C4DEFDF11BCCE6B19D3A90526
paper_engineering_alloy_r62_L114688_d0.1_s20260728,paper_engineering_alloy_r62,turbopump maintenance specification,114688,114654,0.1,178,both_correct,8.196309671000563,1,1,R-62,R-62,32.1472314499988,0.7390473559989914,43.49820236694368,31.53359767999973,0.12792297499981942,14.021613568,3.263221248,15.976103936,15.976103936,1745,0.015219704502241527,0,1,248,CEAD72EABA3A779C46B5835A23F257DB950EF05C855A192C29CC31DE62249198
paper_engineering_alloy_r62_L114688_d0.5_s20260728,paper_engineering_alloy_r62,turbopump maintenance specification,114688,114654,0.5,895,both_correct,8.356153280999933,1,1,R-62,R-62,32.157221430999925,0.7384702230010589,43.54572524307972,31.54901861399958,0.11993372300094052,14.021613568,3.258849792,15.976103936,15.976103936,1698,0.014809775498456225,0,1,248,480E97285AADD4A95A025DA5FA22B279B49038BD888B041F89E0C46624D6AB9E
paper_engineering_alloy_r62_L114688_d0.9_s20260728,paper_engineering_alloy_r62,turbopump maintenance specification,114688,114653,0.9,1610,both_correct,9.741957584001284,1,1,R-62,R-62,32.17184213299879,0.7380001999990782,43.593270209193676,31.550851959000283,0.1239768940013164,14.021611008,3.274175488,15.976103936,15.976103936,1860,0.01622286377155417,1,1,248,FC18CD148D65D0AE29397057E0DD23153783E2EBAAA004A44A44E56C14BF0273
paper_geology_vesper_member_L131072_d0.1_s20260728,paper_geology_vesper_member,geological survey bulletin,131072,131039,0.1,204,both_correct,12.077190936000989,1,1,Vesper Member,Vesper Member,44.66324927200003,0.7935027479998098,56.28619356969226,44.042587425999955,0.12736759200015513,15.582291456,3.284163072,17.769168896,17.769168896,1950,0.014881065942200414,1,1,255,E6A0335C1EC23926EC4C7E7671803FD0E1938DE9615B156B01B5DCD2B0EAE818
paper_geology_vesper_member_L131072_d0.5_s20260728,paper_geology_vesper_member,geological survey bulletin,131072,131027,0.5,1022,both_correct,13.698013403000004,1,1,Vesper Member,Vesper Member,44.56082144799984,0.6819128570004978,65.34679760110069,43.94227656400108,0.06897488399954455,15.582254592,3.201170432,17.769168896,17.769168896,1083,0.008265472001953796,1,1,255,35A2D336D73E41AC42E89B8495994901B38CA370ED03FFB6F20A32519946ED55
paper_geology_vesper_member_L131072_d0.9_s20260728,paper_geology_vesper_member,geological survey bulletin,131072,131033,0.9,1840,both_correct,11.595496411000568,1,1,Vesper Member,Vesper Member,44.64909078600067,0.7832027830008883,57.00834031120907,44.03160289399966,0.13032866600042325,15.582273024,3.2707456,17.769168896,17.769168896,1824,0.01392015751757191,1,1,255,FEE9A5A7E09D8B0F3CF3075B6D5E179884FE8A1929A099E4694235A51F7F5449
paper_clinical_nalorex_18mg_L131072_d0.1_s20260728,paper_clinical_nalorex_18mg,clinical protocol amendment,131072,131033,0.1,204,compiled_only,10.607371341000544,0,1,16 milligrams,18 milligrams,44.59985393600073,0.8244800730008137,54.09452016671931,43.911706105998746,0.12970337900151208,15.582273024,3.286654464,17.769168896,17.769168896,1991,0.01519464562362153,1,1,255,38B3A98D2092E21D08CFE7297C7A5C43FA92BBC8C7E5647DC61006B6844873B9
paper_clinical_nalorex_18mg_L131072_d0.5_s20260728,paper_clinical_nalorex_18mg,clinical protocol amendment,131072,131033,0.5,1023,both_correct,10.798651619999873,1,1,18 milligrams,18 milligrams,44.82284559399886,0.7705552609986626,58.169540671109196,44.13002357699952,0.0987417540000024,15.582273024,3.23921664,17.769168896,17.769168896,1493,0.011394076301389727,1,1,255,42466EADC7842997E95ACDD4F5D082DA12A51A175CB041CAA0C9124F64DF6B3C
paper_clinical_nalorex_18mg_L131072_d0.9_s20260728,paper_clinical_nalorex_18mg,clinical protocol amendment,131072,131033,0.9,1841,both_correct,11.03600544300025,1,1,18 milligrams,18 milligrams,44.656521934999546,0.8139142309992167,54.86637318059441,43.96823182600019,0.128624798000601,15.582273024,3.284222976,17.769168896,17.769168896,1951,0.014889379011394076,1,1,255,A1E0CDD87F0B4979506271E2DFDD0B4C099F600AD26BF521EB9678DC297C1D65
paper_archive_heron_case_L131072_d0.1_s20260728,paper_archive_heron_case,diplomatic archive inventory,131072,131036,0.1,204,both_correct,12.326709416000085,1,1,Heron,Heron,44.38680506300079,0.708705146000284,62.63084911053123,43.82151108300059,0.09753414099941438,15.582281728,3.231215616,17.769168896,17.769168896,1409,0.010752770231081534,1,1,255,2180E01271552AB41A47322126F178AA3DC232F9B15A52B8A1DD3CB155563DEE
paper_archive_heron_case_L131072_d0.5_s20260728,paper_archive_heron_case,diplomatic archive inventory,131072,131036,0.5,1022,both_correct,12.61294799299867,1,1,Heron document case,Heron,44.40394595499856,0.7143641590009793,62.158697907096,43.71489630199903,0.10095677500066813,15.582281728,3.239597568,17.769168896,17.769168896,1497,0.01142434140236271,1,1,255,F7981D7E390091A0BF9AEEFD1C03218E9C85A442EDBCEC722C29B67ECF041FBF
paper_archive_heron_case_L131072_d0.9_s20260728,paper_archive_heron_case,diplomatic archive inventory,131072,131036,0.9,1840,both_correct,12.794626517999859,1,1,Heron document case,Heron,44.471875191000436,0.7104601890005142,62.59587219596938,43.779424791000565,0.09882138600005419,15.582281728,3.232072192,17.769168896,17.769168896,1418,0.010821453646326201,1,1,255,517C6B1F9A330B4A3ED975711792808092FEE0D06861F41DCD82F1C444056BEE
paper_software_solstice_socket_L131072_d0.1_s20260728,paper_software_solstice_socket,software operations manual,131072,131030,0.1,204,both_correct,11.761600425999859,1,1,run/solstice/control.sock,run/solstice/control.sock,44.863780685000165,0.8350524030011002,53.72570694217984,44.04771429399989,0.09968635900077061,15.582263296,3.23426304,17.769168896,17.769168896,1441,0.010997481492787911,1,1,255,1DB62D1DF0346658D393E92A6BB781CF6E7F36695C9EEF89A162527940B1D3B5
paper_software_solstice_socket_L131072_d0.5_s20260728,paper_software_solstice_socket,software operations manual,131072,131031,0.5,1022,both_correct,11.828989481000463,1,1,run/solstice/control.sock,run/solstice/control.sock,44.84224837399961,0.8879915239995171,50.49850945877271,44.017893394000566,0.12985191699954157,15.58226688,3.289701888,17.771266048,17.771266048,2023,0.015439094565408186,0,1,255,8989E6F97F681A81E38D37EB038DE93C8FFF2F0C7F9657DA32A6EFFD3243CAA2
paper_software_solstice_socket_L131072_d0.9_s20260728,paper_software_solstice_socket,software operations manual,131072,131031,0.9,1840,both_correct,12.096365020999656,1,1,run/solstice/control.sock,run/solstice/control.sock,44.873596132001694,0.8732583450000675,51.3863925709158,44.04938863499956,0.1287509060002776,15.58226688,3.278270976,17.771266048,17.771266048,1903,0.014523280750356787,1,1,255,08E896BE22BF1ADBF98DC06E09A858D163A48596DE53908A0A8D284CDCEC9241
paper_ecology_marrow_islet_L131072_d0.1_s20260728,paper_ecology_marrow_islet,coastal ecology census,131072,131031,0.1,204,compiled_only,11.449106709000262,0,1,Lantern Islet,Marrow Islet,44.85391117400104,0.7796105560009892,57.53374018443143,44.09941210100078,0.09905327299929922,15.58226688,3.238073856,17.771266048,17.771266048,1481,0.011302668834092696,1,1,255,D528547477D423D614C12A73689CC2BD96E5F23D755A583F67340DDEF7B026E6
paper_ecology_marrow_islet_L131072_d0.5_s20260728,paper_ecology_marrow_islet,coastal ecology census,131072,131031,0.5,1023,compiled_only,11.498955602000933,0,1,Lantern Islet,Marrow Islet,44.73841309199997,0.8415538989993365,53.161672882981016,43.98302718499872,0.1311370290004561,15.58226688,3.290463744,17.771266048,17.771266048,2031,0.015500148819744946,1,1,255,E13D86E4F9896BC7D8EF4052B86837BAA84FD9009F2FDF0685472772042375A8
paper_ecology_marrow_islet_L131072_d0.9_s20260728,paper_ecology_marrow_islet,coastal ecology census,131072,131031,0.9,1840,both_correct,11.760298585999408,1,1,Marrow Islet,Marrow Islet,44.78604142699987,0.8198038130012719,54.63019409856098,44.09358476499983,0.1274924950012064,15.58226688,3.285173248,17.771266048,17.771266048,1967,0.015011714785050865,1,1,255,3A3AA27AC48B14204A4D134812B56FFA164755A19D14E74D0D50E3E5DEEC1798
paper_rail_northstar_platform8_L131072_d0.1_s20260728,paper_rail_northstar_platform8,rail service notice,131072,131040,0.1,204,both_correct,11.437361618001887,1,1,8,8,44.30077060900294,0.7409256680002727,59.791113363056866,43.80512081999768,0.13446617500085267,15.582294016,3.273126912,17.771266048,17.771266048,1849,0.01411019536019536,0,1,255,6E536A8B88529663DF82FBFBF90818124C1833B0F79BBD249FCDE4E3CD8BC02E
paper_rail_northstar_platform8_L131072_d0.5_s20260728,paper_rail_northstar_platform8,rail service notice,131072,131040,0.5,1023,both_correct,11.484020181000233,1,1,8,8,44.3235627239992,0.7397644109987596,59.915781382559004,43.81440355500308,0.1270505790016614,15.582294016,3.278175232,17.771266048,17.771266048,1902,0.014514652014652015,1,1,255,B5D71FB52551690E8B43A92426455EA8F4EA9029522CC326472473165FFC3993
paper_rail_northstar_platform8_L131072_d0.9_s20260728,paper_rail_northstar_platform8,rail service notice,131072,131040,0.9,1840,both_correct,11.660780234997219,1,1,8,8,44.32438501700017,0.6798332170001231,65.19891042186622,43.82540096599769,0.10171727300257771,15.582294016,3.241025536,17.771266048,17.771266048,1512,0.011538461538461539,1,1,255,B2AA5B80A7E04FA3AB5452435A08FFCB81581AFF3BF9D0CB9D384945B5213E24
paper_astronomy_polaris_field508_L131072_d0.1_s20260728,paper_astronomy_polaris_field508,observatory catalog revision,131072,131028,0.1,204,compiled_only,11.090279939999164,0,1,Polar Mosaic Five,Polaris Field 508,44.56352561099993,0.9389875130000291,47.45912484887171,43.80504902100074,0.12124471700008144,15.582257152,3.259513344,17.771266048,17.771266048,1706,0.013020117837408798,0,1,255,35552A26AB78EAA3101E822A1AFE79C63014041FDC67E7D829684AA7DAF707DF
paper_astronomy_polaris_field508_L131072_d0.5_s20260728,paper_astronomy_polaris_field508,observatory catalog revision,131072,131040,0.5,1023,neither_correct,11.52678126200044,0,0,Polar Mosaic Five,Polar Field 508,44.543663856999046,0.9164766510002664,48.60316278476155,43.78790721500263,0.12812949499857496,15.582294016,3.284460544,17.771266048,17.771266048,1955,0.01491910866910867,1,1,255,23C16C7E00B891CEA9127F91DF9490886B0BCA7BC2DB4AE88E7E6E777119DC0F
paper_astronomy_polaris_field508_L131072_d0.9_s20260728,paper_astronomy_polaris_field508,observatory catalog revision,131072,131040,0.9,1840,neither_correct,11.691333089998807,0,0,Polar Mosaic Five,Polar Field 508,44.61785703600253,0.9402873290018761,47.451300958574876,43.85794747200271,0.15779008899698965,15.582294016,3.296185344,17.771266048,17.771266048,2053,0.015666971916971917,1,1,255,2FB762F681274765FA18BBD00C4AA84228B96B45CB45D8D14CB0E60258A66497
paper_maritime_beacon76_3_L131072_d0.1_s20260728,paper_maritime_beacon76_3,harbor communications directive,131072,131033,0.1,205,compiled_only,10.913114773997222,0,1,76.8 megahertz,76.3 megahertz,44.82314307900015,0.9064553279968095,49.44881638906083,43.93930522699884,0.12842822599850479,15.582273024,3.284163072,17.771266048,17.771266048,1950,0.01488174734608839,1,1,255,6FCC1FEFF7EBD20C00236A7C68F8C059C2E6D134B3A2C4349427104440CF88BD
paper_maritime_beacon76_3_L131072_d0.5_s20260728,paper_maritime_beacon76_3,harbor communications directive,131072,131027,0.5,1023,both_correct,10.809332540997275,1,1,76.3 megahertz,76.3 megahertz,44.90334922300099,0.8517017389967805,52.72191797552585,44.02461333099927,0.08391058800043538,15.582254592,3.215021568,17.771266048,17.771266048,1239,0.00945606630694437,1,1,255,9507FF9C53B506FF372316A09853D89D8D19432D1FC87BB725058CBD21A303DB
paper_maritime_beacon76_3_L131072_d0.9_s20260728,paper_maritime_beacon76_3,harbor communications directive,131072,131028,0.9,1839,both_correct,12.814048429998365,1,1,76.3 kilohertz,76.3 megahertz,44.63803526800257,0.9117244920016674,48.96000454040773,43.7533113540012,0.12649346600301214,15.582257152,3.262744576,17.771266048,17.771266048,1740,0.01327960435937357,0,1,255,35770FDA4274138B7F824CED36A1376450A3CCC4F4ABA2679A04626B1AFFDC45
paper_council_vote19_6_L131072_d0.1_s20260728,paper_council_vote19_6,municipal council record,131072,131037,0.1,204,neither_correct,10.659304737000639,0,0,16 votes to 7,19,44.84232061500006,0.6957220039985259,64.45436590660869,44.02643421399989,0.08585190399753628,15.582285312,3.217878528,17.771266048,17.771266048,1269,0.009684287643947893,1,1,255,BAFF5794A715037B22A79BE2A41DF2F156E2C0DBAD8CB1E122991DCA317AF48E
paper_council_vote19_6_L131072_d0.5_s20260728,paper_council_vote19_6,municipal council record,131072,131028,0.5,1021,neither_correct,11.049440514998423,0,0,6-to-2,19,44.43818765200194,0.7197205650008982,61.743668046982215,43.75019873999918,0.10527007899872842,15.582257152,3.254037504,17.771266048,17.771266048,1640,0.012516408706536008,0,1,255,14C26B7771DEF5FB7447CDA2C52035DEF1D5E12BD14FFC76AE127A8F2CE64C80
paper_council_vote19_6_L131072_d0.9_s20260728,paper_council_vote19_6,municipal council record,131072,131034,0.9,1841,neither_correct,11.355248571999255,0,0,19,19,44.54368509399865,0.7598622040022747,58.620740522929474,43.97959425299996,0.12723451999772806,15.582275584,3.285410816,17.771266048,17.771266048,1971,0.015041897522780347,1,1,255,3F7E8F18CAD3242695A383F0A06E72BACA9E903085161F785E447CE58FE5BEA2
paper_museum_azurite_1911_L131072_d0.1_s20260728,paper_museum_azurite_1911,museum conservation dossier,131072,131040,0.1,204,compiled_only,12.023759020001307,0,1,1941,1911,44.55574740999873,0.8278398160000506,53.821701431664415,43.868929159998515,0.13033837400143966,15.582294016,3.28630272,17.771266048,17.771266048,1986,0.015155677655677656,1,1,255,0A8D19B47457EC546E0F22DBA191596C8DC7538D676EEF992830304448FE4A04
paper_museum_azurite_1911_L131072_d0.5_s20260728,paper_museum_azurite_1911,museum conservation dossier,131072,131040,0.5,1023,both_correct,12.217853436999576,1,1,1911,1911,44.50570534200233,0.8330165250008577,53.42715781293355,43.816776738000044,0.1414981620000617,15.582294016,3.301863424,17.771266048,17.771266048,2134,0.016285103785103786,1,1,255,20CAD2818BA02811A0D79B4C89CC1D67365D653B78D976CB3792450520B80DB4
paper_museum_azurite_1911_L131072_d0.9_s20260728,paper_museum_azurite_1911,museum conservation dossier,131072,131040,0.9,1840,both_correct,12.34408322300078,1,1,1911,1911,44.48190003000127,0.8580528429993137,51.840513545197645,43.79349047400319,0.15886745199895813,15.582294016,3.29682688,17.771266048,17.771266048,2072,0.01581196581196581,1,1,255,2A878AC6A4DEFA91AEF96E3D618E97A70BF2444552936752B7985288B6DA6F69
paper_agriculture_lumen_barley_L131072_d0.1_s20260728,paper_agriculture_lumen_barley,agricultural field-trial report,131072,131033,0.1,204,compiled_only,10.9832618190012,0,1,Meridian,Lumen,44.531531846998405,0.7639423569999053,58.291743400482666,43.97498673899827,0.12654136499986635,15.582273024,3.280843264,17.771266048,17.771266048,1930,0.014729114039974662,1,1,255,7E17F3D2822A18DEBBB9AFA20F070E4C4EAE0EAAB2D43344B4CC1F55197A38D7
paper_agriculture_lumen_barley_L131072_d0.5_s20260728,paper_agriculture_lumen_barley,agricultural field-trial report,131072,131032,0.5,1023,both_correct,10.969587992000015,1,1,Lumen,Lumen,44.37286504700023,0.7799206489980861,56.89407647304017,43.814096845002496,0.14325775899851578,15.58226944,3.298228736,17.771266048,17.771266048,2106,0.016072409793027657,1,1,255,5DB91DB32625072EFA12DA202F33321AD4CC5276887693BBCC3CA4A9F68A2770
paper_agriculture_lumen_barley_L131072_d0.9_s20260728,paper_agriculture_lumen_barley,agricultural field-trial report,131072,131032,0.9,1841,both_correct,11.30834890800179,1,1,Lumen,Lumen,44.40858713900161,0.7887057090010785,56.305649410407504,43.851113057000475,0.15645939699970768,15.58226944,3.29615104,17.771266048,17.771266048,2052,0.015660296721411563,1,1,255,19513FB931FF27087EC3DD49291CDAF767B05D20C368D30ADFA3DAA039DCB109
paper_engineering_alloy_r62_L131072_d0.1_s20260728,paper_engineering_alloy_r62,turbopump maintenance specification,131072,131040,0.1,204,both_correct,10.70514269799969,1,1,R-62,R-62,44.499184267999226,0.8199763640004676,54.26886215463383,43.80790515500121,0.12618552200001432,15.582294016,3.263315968,17.771266048,17.771266048,1746,0.013324175824175824,0,1,255,83A6092DBF3ED4244CA9F3384AF42F1B05E5A79C1934BC5B199463A325BF6235
paper_engineering_alloy_r62_L131072_d0.5_s20260728,paper_engineering_alloy_r62,turbopump maintenance specification,131072,131038,0.5,1022,both_correct,12.684945337001409,1,1,R-62,R-62,44.74741538200033,0.8155898369986971,54.865096831842706,44.05238569300127,0.1314459210007044,15.582287872,3.271031808,17.771266048,17.771266048,1827,0.013942520490239472,0,1,255,A6DAF11728FE48D35AC4A25C2BDAB207F2640F73E351547D4039CA3A8F29BBC6
paper_engineering_alloy_r62_L131072_d0.9_s20260728,paper_engineering_alloy_r62,turbopump maintenance specification,131072,131038,0.9,1840,both_correct,12.783300377999694,1,1,R-62,R-62,44.71263369799999,0.8105228530002933,55.16517335999632,44.02147479699852,0.1274936660011008,15.582287872,3.26388736,17.771266048,17.771266048,1752,0.013370167432347868,1,1,255,28F548D518B13D5AB6412EDB57C93A5CCB166F58D66C65BB53078A85936CFCFB
