candidate_id,source_case_id,genre,requested_length,seq_len,depth,needle_block,paired_outcome,prompt_build_seconds,dense_exact,compiled_exact,dense_answer,compiled_answer,dense_request_seconds,compiled_request_seconds,case_speedup,dense_prefill_seconds,compiled_prefill_seconds,dense_peak_memory_allocated_gb,compiled_peak_memory_allocated_gb,dense_peak_memory_reserved_gb,compiled_peak_memory_reserved_gb,compiled_input_tokens,compression_fraction,selected_contains_needle,expanded_contains_needle,visited_nodes,prompt_sha256
paper_geology_vesper_member_L16384_d0.1_s20260728,paper_geology_vesper_member,geological survey bulletin,16384,16339,0.1,25,both_correct,1.0510451600000579,1,1,Vesper Member,Vesper Member,0.551805022999929,0.20865745900005095,2.644549711495309,0.41164681000009296,0.03767015400001128,4.657718272,3.266377728,5.083496448,5.083496448,1768,0.10820735663137279,0,1,159,3DB86D347B4D738E64249329CFB7BB3A94F0AC39AC3962F63C74C6C707EE595F
paper_geology_vesper_member_L16384_d0.5_s20260728,paper_geology_vesper_member,geological survey bulletin,16384,16346,0.5,127,both_correct,1.1328329509999548,1,1,Vesper Member,Vesper Member,0.5522865420000471,0.217242017999979,2.542263909554092,0.41136847199993554,0.04112200700001267,4.657711104,3.292713984,5.087690752,5.087690752,2046,0.12516823687752354,1,1,159,5007824F66F0CDA1D2BA14EB44B3D3654AE1BA02A03C6CC84BD5AD8A1B3D4797
paper_geology_vesper_member_L16384_d0.9_s20260728,paper_geology_vesper_member,geological survey bulletin,16384,16349,0.9,227,both_correct,1.1653155479999668,1,1,Vesper Member,Vesper Member,0.5543278390000523,0.21234741700004633,2.6104760153495596,0.4123505999999679,0.04071654599999874,4.657708032,3.285604864,5.087690752,5.087690752,1980,0.12110832466817542,0,1,159,63B0EDB42B5B10F347A4FAA5B2018CD528B0D1ED01B55202B429FA711B3B4DE2
paper_clinical_nalorex_18mg_L16384_d0.1_s20260728,paper_clinical_nalorex_18mg,clinical protocol amendment,16384,16348,0.1,25,both_correct,1.153348377000043,1,1,18 milligrams,18 milligrams,0.5822612240000353,0.2389452900000606,2.436797243418724,0.4122512319999032,0.040387159000033535,4.657709056,3.283224576,5.087690752,5.087690752,1955,0.11958649376070467,1,1,159,C2F8C44DF7D2BB03948F140905AE52D62DBDBF85E2B4F4A592571443FAEBE529
paper_clinical_nalorex_18mg_L16384_d0.5_s20260728,paper_clinical_nalorex_18mg,clinical protocol amendment,16384,16348,0.5,127,both_correct,1.163827140999956,1,1,18 milligrams,18 milligrams,0.5868446919999997,0.23024168699998881,2.548820327224358,0.4131273959999362,0.034023241999989295,4.657709056,3.24893184,5.087690752,5.087690752,1595,0.09756545143136774,1,1,159,29210459542BE301EF14E8BFF9BD99448E963DFDFC971B7D05D8C0AF45725723
paper_clinical_nalorex_18mg_L16384_d0.9_s20260728,paper_clinical_nalorex_18mg,clinical protocol amendment,16384,16348,0.9,227,both_correct,1.207606311999939,1,1,18 milligrams,18 milligrams,0.5842280519999576,0.22592206000001624,2.5859716930693515,0.4130672930000401,0.03216581200001656,4.657709056,3.235119616,5.087690752,5.087690752,1450,0.08869586493760705,1,1,159,7134B03CFA83202BFF809759C8184459630879D6228CE08399B3FE6D209B847D
paper_archive_heron_case_L16384_d0.1_s20260728,paper_archive_heron_case,diplomatic archive inventory,16384,16345,0.1,25,both_correct,1.048114829000042,1,1,Heron document case,Heron,0.585461708999901,0.17769803999999567,3.29469986838299,0.41293159899998955,0.0376991220000491,4.657712128,3.26722304,5.087690752,5.087690752,1779,0.10884062404405016,1,1,159,E8F3C4481FC4213A1787E37265E70F47427E55887253178A1E787B2BC722B60D
paper_archive_heron_case_L16384_d0.5_s20260728,paper_archive_heron_case,diplomatic archive inventory,16384,16350,0.5,127,both_correct,1.1010276680000288,1,1,Heron,Heron,0.524498908000055,0.1787557409999181,2.934165387170952,0.41458750000003874,0.03855985999996392,4.657707008,3.269221376,5.087690752,5.087690752,1805,0.11039755351681957,1,1,159,A866B59A520B7E1D791E4160237181B5185DE36A359AC95075A6CA8A8AC71CD4
paper_archive_heron_case_L16384_d0.9_s20260728,paper_archive_heron_case,diplomatic archive inventory,16384,16351,0.9,228,both_correct,1.1513200469998992,1,1,Heron document case,Heron,0.5873923469999909,0.16708241900005305,3.515584407476195,0.4139569640000218,0.03292199299994536,4.657705984,3.237597184,5.087690752,5.087690752,1476,0.09026970827472326,1,1,159,E782A5D2AE6335BEFB68C84F7D0E57964537B1C3B66370CECC181A0EF17A8995
paper_software_solstice_socket_L16384_d0.1_s20260728,paper_software_solstice_socket,software operations manual,16384,16347,0.1,25,both_correct,1.0319435320000139,1,1,run/solstice/control.sock,run/solstice/control.sock,0.6446079649999774,0.2888205110000399,2.231863529248753,0.41412131300000965,0.0326411129999542,4.65771008,3.24216832,5.087690752,5.087690752,1524,0.09322811525050467,1,1,159,CF12CABE5DBBC577C2B65A1686520DE6350D85E5EFF5B5951B584A59A1EB3C8F
paper_software_solstice_socket_L16384_d0.5_s20260728,paper_software_solstice_socket,software operations manual,16384,16352,0.5,127,both_correct,1.1076065760000802,1,1,run/solstice/control.sock,run/solstice/control.sock,0.647600996000051,0.2869959079999944,2.2564816359683557,0.41413592999992943,0.03167723299998215,4.65770496,3.217878528,5.087690752,5.087690752,1269,0.07760518590998043,1,1,159,60B66E85601CDCA8D059F5EAF06EB902D3729AD6D39A1A44F3850F073CD987F7
paper_software_solstice_socket_L16384_d0.9_s20260728,paper_software_solstice_socket,software operations manual,16384,16340,0.9,228,both_correct,1.112623386999985,1,1,run/solstice/control.sock,run/solstice/control.sock,0.6455419740000252,0.3007892929999798,2.1461600828991894,0.413881407999952,0.037005962999955955,4.657717248,3.260267008,5.087690752,5.087690752,1714,0.10489596083231334,1,1,159,D55FCB86A5758A14FA929F2FC26A59AB7DEF0FA9BBFE0B710C2E7BD67189AB92
paper_ecology_marrow_islet_L16384_d0.1_s20260728,paper_ecology_marrow_islet,coastal ecology census,16384,16350,0.1,25,compiled_only,1.1368775379999079,0,1,Tern Rock,Marrow Islet,0.5627238560000478,0.23859188100004758,2.3585205566988074,0.4162005200000749,0.03761526900007084,4.657707008,3.26691584,5.087690752,5.087690752,1775,0.10856269113149847,1,1,159,7252C6C845837BE9ED791C7ABA9F5AE662982530B8382E1AF303FC43F81A42C6
paper_ecology_marrow_islet_L16384_d0.5_s20260728,paper_ecology_marrow_islet,coastal ecology census,16384,16342,0.5,127,both_correct,1.196566694000012,1,1,Marrow Islet,Marrow Islet,0.5857135000001108,0.24219923400005428,2.418312768074153,0.41420982599993295,0.0402081489999091,4.6577152,3.280939008,5.087690752,5.087690752,1931,0.11816179170236202,1,1,159,0D26E837B0AD71278F7062ADEB1EA0AFBD4E6EF7005B9DB2169F7C614E5078AE
paper_ecology_marrow_islet_L16384_d0.9_s20260728,paper_ecology_marrow_islet,coastal ecology census,16384,16349,0.9,228,both_correct,1.0753833370001757,1,1,Marrow Islet,Marrow Islet,0.5879239900000357,0.23889073300006203,2.4610581692169826,0.4146665880000455,0.037001028000076985,4.657708032,3.260267008,5.087690752,5.087690752,1714,0.10483821640467307,1,1,159,F85596EAAEC2CBBE5817062112ADBD8283643305C20050597A1466369D55F6EF
paper_rail_northstar_platform8_L16384_d0.1_s20260728,paper_rail_northstar_platform8,rail service notice,16384,16347,0.1,25,both_correct,1.1390979709999556,1,1,8,8,0.4973279210000783,0.1517053659999874,3.2782487140245227,0.4149523109999791,0.0390695839998898,4.65771008,3.273670144,5.087690752,5.087690752,1844,0.11280357252095186,1,1,159,A7FA55A1F49709A5378453366CB8887CB0505E23C746FC04C10AC80BADC7754F
paper_rail_northstar_platform8_L16384_d0.5_s20260728,paper_rail_northstar_platform8,rail service notice,16384,16347,0.5,127,compiled_only,1.1349832109999625,0,1,6,8,0.4957826219999788,0.150787426000079,3.2879573260950754,0.4145613560001493,0.039152793000084785,4.65771008,3.2765568,5.087690752,5.087690752,1885,0.1153116779837279,1,1,159,06055C2E2424599684D4C92EF5B0B359EE07B8A7A0460807B642F87E065AAEC5
paper_rail_northstar_platform8_L16384_d0.9_s20260728,paper_rail_northstar_platform8,rail service notice,16384,16347,0.9,227,both_correct,1.156153551999978,1,1,8,8,0.49743605400021806,0.1500370750000002,3.315420898469378,0.41610986499995306,0.04061567600001581,4.65771008,3.281891328,5.087690752,5.087690752,1941,0.11873738300605616,0,1,159,88EB80E332B79EBDBB895E1F9E3323462786F33A8D550D13D30C5AA44365C8E3
paper_astronomy_polaris_field508_L16384_d0.1_s20260728,paper_astronomy_polaris_field508,observatory catalog revision,16384,16342,0.1,25,compiled_only,1.117289282999991,0,1,Polar Mosaic Five,Polaris Field 508,0.6142383849999078,0.3583621249999851,1.7140159133723558,0.413954485999966,0.03889727899991158,4.6577152,3.27204864,5.087690752,5.087690752,1815,0.11106351731734182,1,1,159,18FCA38046A2B2828993D4B3304AA8D3C3BBB96C2D61CFAFD547E167D239F933
paper_astronomy_polaris_field508_L16384_d0.5_s20260728,paper_astronomy_polaris_field508,observatory catalog revision,16384,16341,0.5,127,neither_correct,1.134748393000109,0,0,Polar Mosaic Five,Polar Mosaic Five,0.6166372600000614,0.2646633389999806,2.3298929966273363,0.41565562300002057,0.03683729700014737,4.657716224,3.256172544,5.087690752,5.087690752,1671,0.10225812373783734,1,1,159,2A67965293E672D84CC8868A11CCA413CC246CBFD76BE55CA1286F803D8492F2
paper_astronomy_polaris_field508_L16384_d0.9_s20260728,paper_astronomy_polaris_field508,observatory catalog revision,16384,16341,0.9,227,compiled_only,1.135664727999938,0,1,Polar Mosaic Five,Polaris Field 508,0.6187688689999504,0.3507590279998567,1.7640853680327886,0.41482014300004266,0.03426513700014766,4.657716224,3.25007616,5.087690752,5.087690752,1607,0.09834159476164249,0,1,159,9DAFB61B45A99689FDFF352E6BE3D9440501E4402F00E801D8B5B4B0287054DE
paper_maritime_beacon76_3_L16384_d0.1_s20260728,paper_maritime_beacon76_3,harbor communications directive,16384,16349,0.1,25,both_correct,1.1507858740001211,1,1,76.3 megahertz,76.3 megahertz,0.6830726020000384,0.3337438620001194,2.046697122477099,0.41433642299989515,0.04048099600004207,4.657708032,3.292868608,5.087690752,5.087690752,2048,0.12526760046486024,1,1,159,81D23D14CD58F37B8821B9633FEF45BADB84AAE93F296E174504CE8D5212FF44
paper_maritime_beacon76_3_L16384_d0.5_s20260728,paper_maritime_beacon76_3,harbor communications directive,16384,16342,0.5,127,both_correct,1.1011773770001128,1,1,76.3 megahertz,76.3 megahertz,0.6769655390000935,0.3191482009999618,2.121163575038214,0.41506662500000857,0.032813048999969396,4.6577152,3.23740672,5.087690752,5.087690752,1474,0.09019703830620487,1,1,159,619EB0C4610A5C58EA24669A89A83BB8434B82DA889C0356399583F78EC77406
paper_maritime_beacon76_3_L16384_d0.9_s20260728,paper_maritime_beacon76_3,harbor communications directive,16384,16342,0.9,228,both_correct,1.0978900039999644,1,1,76.3 kilohertz,76.3 megahertz,0.6774501049999344,0.32956786699992335,2.0555708636488275,0.414503613000079,0.03874341000005188,4.6577152,3.273730048,5.087690752,5.087690752,1845,0.11289927793415738,1,1,159,320FE8E4F66D622E2A0D5FFEFC0F8D20BFCE97B73E89AE4FA65D3493E47E6438
paper_council_vote19_6_L16384_d0.1_s20260728,paper_council_vote19_6,municipal council record,16384,16347,0.1,25,neither_correct,1.0983488910001142,0,0,19,19,0.5308558699998684,0.1764648229998329,3.008281542890682,0.41637092899986783,0.03728882099994735,4.65771008,3.268220928,5.087690752,5.087690752,1792,0.10962256071450419,1,1,159,90C0A21B63F677F62C33F942247A9196AB7E824B0C5940BEFA9355DD73A8B4E9
paper_council_vote19_6_L16384_d0.5_s20260728,paper_council_vote19_6,municipal council record,16384,16342,0.5,127,neither_correct,1.136370731999932,0,0,6,19,0.4978741530001116,0.1850339370000711,2.690718043792801,0.41666020599996045,0.042519387999846,4.6577152,3.301817344,5.087690752,5.087690752,2118,0.12960469954717904,1,1,159,B85F639D6FFB28E1AD86614126B6C0728DDFBD185C8D15AA10FEDCB57279A721
paper_council_vote19_6_L16384_d0.9_s20260728,paper_council_vote19_6,municipal council record,16384,16345,0.9,227,neither_correct,1.2486196609997933,0,0,19,19,0.5264142679998258,0.18154062199982945,2.8997051029180696,0.41586871000004066,0.040766896999912206,4.657712128,3.286844928,5.087690752,5.087690752,1993,0.12193331293973693,1,1,159,1F82778E68E136265483AAE06F51DCE045361C1C6009A90680FC70415D9DE0B8
paper_museum_azurite_1911_L16384_d0.1_s20260728,paper_museum_azurite_1911,museum conservation dossier,16384,16347,0.1,25,both_correct,1.1302293759999884,1,1,1911,1911,0.5866787719999138,0.230062450999867,2.550084855004231,0.4154509150000649,0.03372528900013094,4.65771008,3.245026816,5.087690752,5.087690752,1554,0.0950633143696091,1,1,159,AF45F2BF84071DFC3558821C1E3BAD5B3C62D4B2565F13A482383CD86B8E3AAD
paper_museum_azurite_1911_L16384_d0.5_s20260728,paper_museum_azurite_1911,museum conservation dossier,16384,16347,0.5,127,both_correct,1.1275732779999998,1,1,1911,1911,0.5876278879998154,0.2403336729998955,2.445050169894715,0.41593190000003233,0.038656745999787745,4.65771008,3.272660992,5.087690752,5.087690752,1827,0.11176362635345935,1,1,159,189C6B82A56087680523B0BE1C1F94CB34003BF4CCA8AE6C4726469F52876DE1
paper_museum_azurite_1911_L16384_d0.9_s20260728,paper_museum_azurite_1911,museum conservation dossier,16384,16347,0.9,227,both_correct,1.1566904900000736,1,1,1911,1911,0.5916722849999587,0.25400433499999053,2.329378689540794,0.41435460200000307,0.04038840699990942,4.65771008,3.281795584,5.087690752,5.087690752,1940,0.118676209702086,1,1,159,282B0D195CA1CCC50996E6FFECE5C095FBA7696529D77853DABF578854F39C3E
paper_agriculture_lumen_barley_L16384_d0.1_s20260728,paper_agriculture_lumen_barley,agricultural field-trial report,16384,16351,0.1,25,both_correct,1.2376472509999985,1,1,Lumen,Lumen,0.5290072020000025,0.18536369899993588,2.853887815435672,0.416868888999943,0.04257659099994271,4.657705984,3.302358528,5.087690752,5.087690752,2129,0.13020610360222618,1,1,159,35DA098151530674B2E603D2A07F962FEF7DF0A7F93C68FA5305DC5CA88978D0
paper_agriculture_lumen_barley_L16384_d0.5_s20260728,paper_agriculture_lumen_barley,agricultural field-trial report,16384,16352,0.5,127,both_correct,1.1757812260000264,1,1,Lumen,Lumen,0.5261064329999954,0.1789969700000711,2.9391918365980523,0.41552091000016844,0.0390348629998698,4.65770496,3.275097088,5.087690752,5.087690752,1868,0.11423679060665362,1,1,159,FE3C25D44F3BD7F91C9C11232A19EE2B59FDF43F90C3CA500B786BACA8DD1B20
paper_agriculture_lumen_barley_L16384_d0.9_s20260728,paper_agriculture_lumen_barley,agricultural field-trial report,16384,16352,0.9,227,both_correct,1.1937691650000488,1,1,Lumen,Lumen,0.5257930870000109,0.175025542999947,3.0040934482355537,0.41576720800003386,0.03718533000005664,4.65770496,3.261219328,5.087690752,5.087690752,1724,0.10543052837573386,1,1,159,FBE4D9D266DD1FAB89AA0D4CD79C3C1BAFD258CC360FA417FC8D7E11995B467C
paper_engineering_alloy_r62_L16384_d0.1_s20260728,paper_engineering_alloy_r62,turbopump maintenance specification,16384,16341,0.1,25,dense_only,1.046374109999988,1,0,R-62,R-60,0.58800437900004,0.23708232300009513,2.480169637108727,0.41576225699986935,0.038468056000056094,4.657716224,3.269451264,5.087690752,5.087690752,1808,0.11064194357750444,0,0,159,C0043E86715E4F947F3475C8E48A2097749A526991B13B8B8A58430D98562FA3
paper_engineering_alloy_r62_L16384_d0.5_s20260728,paper_engineering_alloy_r62,turbopump maintenance specification,16384,16346,0.5,127,dense_only,1.1128338749999784,1,0,R-62,R-60,0.5880062370001724,0.24470770600009928,2.402892195801688,0.41538460499987195,0.042213175999904706,4.657711104,3.296728576,5.087690752,5.087690752,2072,0.1267588400832008,0,0,159,1590DF0F0154E1DE2ABD0C140BA5D55D69BDF8AD6D7EC5B8C9031D5DF87DAB58
paper_engineering_alloy_r62_L16384_d0.9_s20260728,paper_engineering_alloy_r62,turbopump maintenance specification,16384,16347,0.9,228,both_correct,1.174029082000061,1,1,R-62,R-62,0.5861820279999392,0.2296797820001757,2.5521707783556273,0.4159630859999197,0.032587837000164654,4.65771008,3.242644992,5.087690752,5.087690752,1529,0.09353398177035542,1,1,159,D43733D9190E5C75B8C6DA6ACB2B05BB08A2ABD55991A0E03EFFDECBFEFDF01A
paper_geology_vesper_member_L32768_d0.1_s20260728,paper_geology_vesper_member,geological survey bulletin,32768,32729,0.1,51,both_correct,2.5279311220001546,1,1,Vesper Member,Vesper Member,1.2448720679999496,0.28596736299982695,4.353196305134663,1.0469627630000105,0.03938455200000135,6.218147328,3.27941376,6.880755712,6.880755712,1915,0.058510800818845674,1,1,191,2017412E6A8D7A1C85C38171F9388ED9D7900CE67C8493D4EA27135FBE42EBFD
paper_geology_vesper_member_L32768_d0.5_s20260728,paper_geology_vesper_member,geological survey bulletin,32768,32726,0.5,255,both_correct,2.460768397000038,1,1,Vesper Member,Vesper Member,1.2468260860000555,0.2665374169998813,4.677865119405021,1.0498228779999863,0.03457307999997283,6.218131456,3.248836096,6.880755712,6.880755712,1594,0.048707449734156326,1,1,191,2D1963B88F97B6D2F56D6B0420850C3124C485F39F029004A19AC535743416EC
paper_geology_vesper_member_L32768_d0.9_s20260728,paper_geology_vesper_member,geological survey bulletin,32768,32734,0.9,458,both_correct,2.656439976999991,1,1,Vesper Member,Vesper Member,1.247818873999904,0.28679336699997293,4.350933520718496,1.0499968430001445,0.04091658200013626,6.218172416,3.28932096,6.882852864,6.882852864,2019,0.06167898820797947,1,1,191,C48DB3DA163A00357BB91DF1E1AA9A41DD6B70B2B75F3C1BB83A96659DD11F25
paper_clinical_nalorex_18mg_L32768_d0.1_s20260728,paper_clinical_nalorex_18mg,clinical protocol amendment,32768,32733,0.1,50,compiled_only,2.496692454999902,0,1,16 milligrams,18 milligrams,1.279514717999973,0.2984071579999181,4.287815099932436,1.0521298810001554,0.03291912299982869,6.218167808,3.235405824,6.882852864,6.882852864,1453,0.04438945406776036,1,1,191,2BF74AB3C45BB79B560D5875A487EFBE8A57800CEA41DDE9936F34FAAE00AEBB
paper_clinical_nalorex_18mg_L32768_d0.5_s20260728,paper_clinical_nalorex_18mg,clinical protocol amendment,32768,32733,0.5,255,both_correct,2.536478031999877,1,1,18 milligrams,18 milligrams,1.2809486109999852,0.3161278670002048,4.051995235836502,1.0521280880000177,0.04034840000008444,6.218167808,3.280177152,6.882852864,6.882852864,1923,0.058748052424159106,1,1,191,9961CF082EE54C1FF486F198017D4555DEC68D059DE95C5DEB4F4162A6BEBB21
paper_clinical_nalorex_18mg_L32768_d0.9_s20260728,paper_clinical_nalorex_18mg,clinical protocol amendment,32768,32733,0.9,458,both_correct,2.5854581959999905,1,1,18 milligrams,18 milligrams,1.285955328,0.31309535800005506,4.107232174294241,1.0534085859999323,0.03938869800003886,6.218167808,3.279698944,6.882852864,6.882852864,1918,0.058595301377814435,1,1,191,19C7DB4189A90302BEB8FA8151E498AF12288278C61BB9EF51BD2FEB880E04F1
paper_archive_heron_case_L32768_d0.1_s20260728,paper_archive_heron_case,diplomatic archive inventory,32768,32732,0.1,51,both_correct,2.5980261899999277,1,1,Heron,Heron,1.2175077800000054,0.254582014999869,4.7823793837150355,1.0504354540000804,0.04067750299986983,6.218162176,3.286063616,6.882852864,6.882852864,1982,0.060552364658438225,1,1,191,2FE351766FFAFF8EDE87CB8EB57ECAB75E56718DA6BBC41091258DF58D67293C
paper_archive_heron_case_L32768_d0.5_s20260728,paper_archive_heron_case,diplomatic archive inventory,32768,32724,0.5,255,both_correct,2.5106959820000156,1,1,Heron,Heron,1.2198534070000733,0.25170123299994884,4.846433974363253,1.0549199820000013,0.03935051799999201,6.218121216,3.277413376,6.882852864,6.882852864,1894,0.05787801002322455,1,1,191,BBD52770E2F9B61157AE8F009CE5F34554BD48A04E37D9BAAC8342B2A26FD90D
paper_archive_heron_case_L32768_d0.9_s20260728,paper_archive_heron_case,diplomatic archive inventory,32768,32724,0.9,458,both_correct,2.6047175230000903,1,1,Heron document case,Heron,1.2849693690000095,0.25694864100000814,5.000880191461953,1.0528247080001165,0.04230602699999508,6.218121216,3.296928768,6.882852864,6.882852864,2075,0.06340911868964674,1,1,191,613449B869E673016E2233BE25855E6283CD91325198E7152D823531848C3C9F
paper_software_solstice_socket_L32768_d0.1_s20260728,paper_software_solstice_socket,software operations manual,32768,32736,0.1,51,both_correct,2.6043833700000505,1,1,run/solstice/control.sock,run/solstice/control.sock,1.345092227999885,0.3679314669998348,3.6558227513617063,1.0537222250000013,0.0374127079999198,6.218182656,3.26769664,6.882852864,6.882852864,1792,0.05474095796676442,1,1,191,A01C8A38828772EA28B2673A87292A8592BC8A7F2BCB458C5168507127F8002A
paper_software_solstice_socket_L32768_d0.5_s20260728,paper_software_solstice_socket,software operations manual,32768,32727,0.5,255,both_correct,2.571522259999938,1,1,run/solstice/control.sock,run/solstice/control.sock,1.347476615000005,0.36029680799993,3.739907168426168,1.0519270219999726,0.03211455099994964,6.218137088,3.216068608,6.882852864,6.882852864,1250,0.03819476273413389,1,1,191,AB7AADCDCBDEB200DC8E51116C6B9F7C289D902359050193D8A16AC7FB5DEEB1
paper_software_solstice_socket_L32768_d0.9_s20260728,paper_software_solstice_socket,software operations manual,32768,32727,0.9,458,both_correct,2.5851169360000767,1,1,run/solstice/control.sock,run/solstice/control.sock,1.3458629950000613,0.3813793879999139,3.528934801794703,1.0522993729998689,0.042196660999934466,6.218137088,3.29715456,6.882852864,6.882852864,2083,0.06364775262016073,1,1,191,C23536B55076868EBDAA8817B91639B86F822A191F6DB920C6B2FA7D309658D1
paper_ecology_marrow_islet_L32768_d0.1_s20260728,paper_ecology_marrow_islet,coastal ecology census,32768,32723,0.1,51,compiled_only,2.3368689559999893,0,1,Tern Rock,Marrow Islet,1.2540810089999468,0.31833558800008177,3.939493591899705,1.052540709999903,0.04093710600000122,6.218116608,3.288653824,6.882852864,6.882852864,2012,0.061485805091220244,1,1,191,FD2BB833105A2B181DDD863737A8B8D08D7C5DC5B193BE78575383A7C3A48DBF
paper_ecology_marrow_islet_L32768_d0.5_s20260728,paper_ecology_marrow_islet,coastal ecology census,32768,32729,0.5,255,compiled_only,2.388275829999884,0,1,Lantern Islet,Marrow Islet,1.318555336000145,0.3055435539999962,4.315441509854799,1.05456307999998,0.032670893000158685,6.218147328,3.23140608,6.882852864,6.882852864,1411,0.04311161355372911,1,1,191,00D309DFEDB6CBDC40195C9CF18294DC23342A9D9CF3A169DC82A7BF26898058
paper_ecology_marrow_islet_L32768_d0.9_s20260728,paper_ecology_marrow_islet,coastal ecology census,32768,32729,0.9,458,both_correct,2.3976858119999633,1,1,Marrow Islet,Marrow Islet,1.2859958310000366,0.3045185920000222,4.223045373203167,1.052503440999999,0.03444152399993072,6.218147328,3.251409408,6.882852864,6.882852864,1621,0.04952794158086101,1,1,191,ACC47AFCA0E1856F6EA9ABE4146E01C34BA60F0A5679780E2B3F5E94393DA3E5
paper_rail_northstar_platform8_L32768_d0.1_s20260728,paper_rail_northstar_platform8,rail service notice,32768,32732,0.1,51,both_correct,2.453927591000138,1,1,8,8,1.1929818869998599,0.22192721399983384,5.375554739315355,1.0546437069999683,0.03796265400001175,6.218162176,3.266553856,6.882852864,6.882852864,1780,0.05438103385066601,1,1,191,DFDBC35B66A73F12C950FF79B354AF7605006014AA6F9EEB376568A27F72674F
paper_rail_northstar_platform8_L32768_d0.5_s20260728,paper_rail_northstar_platform8,rail service notice,32768,32732,0.5,255,both_correct,2.4740526309999495,1,1,8,8,1.1913883360000455,0.22674832000006973,5.254232251862678,1.0534999289998268,0.04236422400003903,6.218162176,3.296691712,6.882852864,6.882852864,2068,0.06317976292313332,1,1,191,7AC0A636C2E149F3CC859E2AD906DE947816AC67687BC3C41F52DC09E64E1ADE
paper_rail_northstar_platform8_L32768_d0.9_s20260728,paper_rail_northstar_platform8,rail service notice,32768,32732,0.9,458,both_correct,2.5144261899999947,1,1,8,8,1.1945666439999059,0.22635439399982715,5.2774175172443,1.0555088170001454,0.042882848000090235,6.218162176,3.30487296,6.882852864,6.882852864,2170,0.06629597946963216,1,1,191,3265D10B7522FD6344BF75805EA3243AC551F2B06A7919F85D01B15B58672DC5
paper_astronomy_polaris_field508_L32768_d0.1_s20260728,paper_astronomy_polaris_field508,observatory catalog revision,32768,32732,0.1,51,compiled_only,2.4344591560000026,0,1,Polar Mosaic Five,Polaris Field 508,1.3124489730000732,0.441114202000108,2.975304279592775,1.0524939060001088,0.04225573600001553,6.218162176,3.296861184,6.882852864,6.882852864,2073,0.06333251863619699,1,1,191,B168C3343798207C01058B6391996479E9036DCCBBC5EF4B55C5B72F972F8194
paper_astronomy_polaris_field508_L32768_d0.5_s20260728,paper_astronomy_polaris_field508,observatory catalog revision,32768,32732,0.5,255,neither_correct,2.4605591530000765,0,0,Polar Field 508,Polar Field 508,1.3768892390000929,0.4076659249999466,3.377494057175059,1.055654547000131,0.03906896100011181,6.218162176,3.274556416,6.882852864,6.882852864,1864,0.056947329830135646,1,1,191,475CAA246F8459692BFF2CE3F443C3534F8196D5DBA696B45EEB40CB08A67293
paper_astronomy_polaris_field508_L32768_d0.9_s20260728,paper_astronomy_polaris_field508,observatory catalog revision,32768,32732,0.9,458,compiled_only,2.508864972000083,0,1,Polar Mosaic Five,Polaris Field 508,1.3142369280001276,0.440843434000044,2.981187484352997,1.0525569899998573,0.04420960500010551,6.218162176,3.305366016,6.882852864,6.882852864,2178,0.06654038861053403,1,1,191,6F7FED76668FD0C642C5B540B747F199B8F190B5ADB571B62F68C269A90550CF
paper_maritime_beacon76_3_L32768_d0.1_s20260728,paper_maritime_beacon76_3,harbor communications directive,32768,32732,0.1,51,both_correct,2.43687647999991,1,1,76.3 megahertz,76.3 megahertz,1.372467590000042,0.41029236199983643,3.345096611865734,1.0533595599999899,0.04228911900008825,6.218162176,3.29682688,6.882852864,6.882852864,2072,0.06330196749358426,1,1,191,2BF93C2B97E771BE26DBD68C7AF59DA85B8AD2BAE27E3818215E5840CA0B8251
paper_maritime_beacon76_3_L32768_d0.5_s20260728,paper_maritime_beacon76_3,harbor communications directive,32768,32731,0.5,255,both_correct,2.3799538200000825,1,1,76.3 kilohertz,76.3 megahertz,1.373886991000063,0.3946401989999231,3.481366050599247,1.05168348899997,0.03329746800000066,6.218157568,3.227880448,6.882852864,6.882852864,1374,0.04197855244263848,1,1,191,1EC122FF6E00A3AA50DA56284A2F63043D8B80A86053C525F53A65588B8DADDA
paper_maritime_beacon76_3_L32768_d0.9_s20260728,paper_maritime_beacon76_3,harbor communications directive,32768,32736,0.9,458,both_correct,2.4022755959999813,1,1,76.3 kilohertz,76.3 megahertz,1.3757154039999477,0.3960345979999147,3.4737253031621345,1.0502204519998486,0.03692164400013098,6.218182656,3.2569984,6.882852864,6.882852864,1668,0.050953079178885634,0,1,191,3F104CA6BD3076521C2CC1FE8C115ABC0E5276FB8E3D7F0EC4C657294E5DB393
paper_council_vote19_6_L32768_d0.1_s20260728,paper_council_vote19_6,municipal council record,32768,32728,0.1,50,neither_correct,2.591055969999843,0,0,16 votes to 9,19,1.3491788019998694,0.2518714440000167,5.356616774705829,1.053643632999865,0.03773403500008499,6.218141696,3.264554496,6.882852864,6.882852864,1759,0.05374602786604742,0,1,191,FEE7D73A353B826A26E56F578F3C356ED2D461EA2FF8FCD646DD1BEB5D9AB3BD
paper_council_vote19_6_L32768_d0.5_s20260728,paper_council_vote19_6,municipal council record,32768,32728,0.5,255,neither_correct,2.623167075000083,0,0,19,6-to-2,1.2207408880001367,0.31487346300013996,3.8769252777570338,1.0549891609998667,0.04229270300015742,6.218141696,3.296759296,6.882852864,6.882852864,2070,0.06324859447567832,0,0,191,5313585DE9D8E5459B2E543604D2BFC3F352DC45F4B4C93E05C77845B3F4AFEA
paper_council_vote19_6_L32768_d0.9_s20260728,paper_council_vote19_6,municipal council record,32768,32728,0.9,458,neither_correct,2.6553406820000873,0,0,19,19,1.223171344000093,0.2379880809999122,5.139632786906435,1.0534047080000164,0.032161380000161444,6.218141696,3.21664,6.882852864,6.882852864,1256,0.038376924957223175,1,1,191,AAD6FA9921EE38515991BEA061E88C1D51DA0D3F45807CAEF9D91943DBB4A495
paper_museum_azurite_1911_L32768_d0.1_s20260728,paper_museum_azurite_1911,museum conservation dossier,32768,32725,0.1,51,both_correct,2.4761690800000906,1,1,1911,1911,1.2777382970000417,0.31098987199993644,4.108617070977485,1.0538961049999216,0.040831425000078525,6.218126848,3.284816896,6.882852864,6.882852864,1961,0.05992360580595875,1,1,191,0581330BB6CA9128208B6A95B8C0785C5586DC0C9E2A2407AFF77849382870D1
paper_museum_azurite_1911_L32768_d0.5_s20260728,paper_museum_azurite_1911,museum conservation dossier,32768,32725,0.5,255,both_correct,2.4786759819999133,1,1,1911,1911,1.2852154590000282,0.31954665099988233,4.021996334427243,1.0542856929998834,0.04234653100002106,6.218126848,3.297918464,6.882852864,6.882852864,2100,0.06417112299465241,1,1,191,A901E8BD3FC4E41B01CC765BABB8C21933E4E9ACC7DB95C6B1BEDC59B8B7A84E
paper_museum_azurite_1911_L32768_d0.9_s20260728,paper_museum_azurite_1911,museum conservation dossier,32768,32725,0.9,458,both_correct,2.5920775340000546,1,1,1911,1911,1.2818912079999336,0.31507365200013737,4.068544608101266,1.0536807329999647,0.03787119799994798,6.218126848,3.26674432,6.882852864,6.882852864,1782,0.05445378151260504,1,1,191,603141BA354CF83B3E3F331E9A1884823965D4DFADE8F4AC2F4C4DB6C9BB6F56
paper_agriculture_lumen_barley_L32768_d0.1_s20260728,paper_agriculture_lumen_barley,agricultural field-trial report,32768,32736,0.1,51,both_correct,2.411916053999903,1,1,Lumen,Lumen,1.2202238180000222,0.258192746000077,4.726018979633372,1.0521007469999404,0.0423490349999156,6.218182656,3.296691712,6.882852864,6.882852864,2068,0.06317204301075269,1,1,191,501E1EAD3EBFCC9DC84FFF743C46B460E79C835F1C7A3DCC55F245BE782D2648
paper_agriculture_lumen_barley_L32768_d0.5_s20260728,paper_agriculture_lumen_barley,agricultural field-trial report,32768,32723,0.5,255,both_correct,2.361449361000041,1,1,Lumen,Lumen barley,1.2197620079998615,0.27300415800004885,4.467924653366061,1.0551385609999215,0.036959801999955744,6.218116608,3.257804288,6.882852864,6.882852864,1681,0.05137059560553739,1,1,191,8A8ACF9F3B52340453BC2B20E211EF503EAE8CD39BF6179D937563B1EB1ED94A
paper_agriculture_lumen_barley_L32768_d0.9_s20260728,paper_agriculture_lumen_barley,agricultural field-trial report,32768,32723,0.9,459,both_correct,2.424514216000034,1,1,Lumen,Lumen,1.2206559420001213,0.25014719800014973,4.8797506098764725,1.055796538000095,0.04051531900017835,6.218116608,3.284281856,6.882852864,6.882852864,1952,0.05965223237478226,1,1,191,819F867C51812FE9AB767B41898E44339CAA85F031285CFEF5EF04313AC7900A
paper_engineering_alloy_r62_L32768_d0.1_s20260728,paper_engineering_alloy_r62,turbopump maintenance specification,32768,32723,0.1,51,both_correct,2.6751557200000207,1,1,R-62,R-62,1.284534788999963,0.3141503790000115,4.088916884610589,1.0540441949999604,0.03781824900011088,6.218116608,3.265316352,6.882852864,6.882852864,1767,0.053998716499098494,1,1,191,D56AFA84958C525148C7A4896CAB6BBEC590201B564FC7FAF15147D557F469E9
paper_engineering_alloy_r62_L32768_d0.5_s20260728,paper_engineering_alloy_r62,turbopump maintenance specification,32768,32734,0.5,255,dense_only,2.6501439740000023,1,0,R-62,Alloy 1,1.285651788999985,0.3109324170000036,4.134827115822954,1.055190623000044,0.03895756400015671,6.218172416,3.273221632,6.882852864,6.882852864,1850,0.056516160566994565,0,0,191,6D085D33EF7F4901E1728AD11938A79F5CA1071ACFF9E2AD7C456F2BCC1F8F86
paper_engineering_alloy_r62_L32768_d0.9_s20260728,paper_engineering_alloy_r62,turbopump maintenance specification,32768,32734,0.9,458,dense_only,2.639112859999841,1,0,R-62,304不锈钢,1.2868286879997868,0.3124414540000089,4.118623414163698,1.0568692069998633,0.0389149699999507,6.218172416,3.273031168,6.882852864,6.882852864,1848,0.05645506201503024,0,0,191,3CFAED08A5D64091C7758238985C312C0C89040A9A314E3431632C074F90AD8D
paper_geology_vesper_member_L49152_d0.1_s20260728,paper_geology_vesper_member,geological survey bulletin,49152,49114,0.1,76,both_correct,3.369065343000102,1,1,Vesper Member,Vesper Member,2.17274195899995,0.36019457899988083,6.032133978897747,1.9163794690000486,0.04268147600009797,7.77882624,3.305083904,8.68220928,8.68220928,2164,0.04406075660707741,1,1,208,D87D6F45EFC4BEB19B97E5DF9EC7522C9CEFE448F4223B8C873CC91E6D8E7AD2
paper_geology_vesper_member_L49152_d0.5_s20260728,paper_geology_vesper_member,geological survey bulletin,49152,49114,0.5,383,both_correct,3.4074407580001207,1,1,Vesper Member,Vesper Member,2.177718430000141,0.3566551960000197,6.105948979361065,1.9209274489999189,0.04052775600007408,7.77882624,3.284176896,8.743026688,8.743026688,1965,0.04000895874903286,0,1,208,ED4B97BF07A96C3E30B95D67CB933D57D90517F7864211E1F2B98916A3F5FDC4
paper_geology_vesper_member_L49152_d0.9_s20260728,paper_geology_vesper_member,geological survey bulletin,49152,49114,0.9,689,both_correct,3.465395902999944,1,1,Vesper Member,Vesper Member,2.1775694690002183,0.3582510190001358,6.078334334059194,1.9227972490000411,0.04059430600000269,7.77882624,3.285033472,8.743026688,8.743026688,1974,0.04019220588834141,1,1,208,BBE132DCDF6A79DCD087C7EFEDE26763B2CD89E5D5835B9EEE7A2022FE7D3043
paper_clinical_nalorex_18mg_L49152_d0.1_s20260728,paper_clinical_nalorex_18mg,clinical protocol amendment,49152,49117,0.1,76,compiled_only,3.528800091999983,0,1,16 milligrams,18 milligrams,2.2117473640000753,0.3767075709999972,5.87125806399068,1.924206672000082,0.03711413600012747,7.778842112,3.260172288,8.743026688,8.743026688,1713,0.03487590854490299,1,1,208,7610968D62FAC1870D8CE06A7EAA6D2ABCB794FDBF15004B873B084157AAF657
paper_clinical_nalorex_18mg_L49152_d0.5_s20260728,paper_clinical_nalorex_18mg,clinical protocol amendment,49152,49117,0.5,383,both_correct,3.5489949199998136,1,1,18 milligrams,18 milligrams,2.223438473999977,0.3715864230000534,5.9836375507176625,1.9273772849999204,0.03378634800014879,7.778842112,3.244360704,8.743026688,8.743026688,1547,0.03149622330354052,1,1,208,2531D8F679CF4C0442EEDF4A73B0D6410F8D236943B13E8981A270A2553CF4BC
paper_clinical_nalorex_18mg_L49152_d0.9_s20260728,paper_clinical_nalorex_18mg,clinical protocol amendment,49152,49117,0.9,688,both_correct,3.6485064220000822,1,1,18 milligrams,18 milligrams,2.2173507090001294,0.37102863499990235,5.976225282452156,1.9286011740000504,0.03475997999998981,7.778842112,3.255945728,8.743026688,8.743026688,1663,0.0338579310625649,1,1,208,7E2B806A6D4FD438D124A983E20B64AD95289562C76CDD9998F7C731CEC236DA
paper_archive_heron_case_L49152_d0.1_s20260728,paper_archive_heron_case,diplomatic archive inventory,49152,49114,0.1,76,both_correct,3.980713444999992,1,1,Heron document case,Heron,2.2143065580000894,0.31278834499994446,7.079248934292877,1.9260947969999052,0.03360928300003252,7.77882624,3.243693568,8.743026688,8.743026688,1540,0.03135562161501812,1,1,208,547E13BFD9EC0592D0DEF922CBF6D3FD3FCCDCAE7E3A6F6686252A51C6DFD8A2
paper_archive_heron_case_L49152_d0.5_s20260728,paper_archive_heron_case,diplomatic archive inventory,49152,49109,0.5,383,both_correct,3.6723064739999245,1,1,Heron,Heron,2.1583366379998097,0.3272956289999911,6.5944560414519575,1.9299868250000145,0.03901801200004229,7.778801152,3.2756992,8.743026688,8.743026688,1876,0.03820073713575923,1,1,208,65DA9D8336FD5984F2D4ED82BC618D9B24031207085D35587B8614AB29ED447E
paper_archive_heron_case_L49152_d0.9_s20260728,paper_archive_heron_case,diplomatic archive inventory,49152,49116,0.9,689,both_correct,3.5346098929999243,1,1,Heron,Heron,2.156825859000037,0.32903542600001856,6.554995871477727,1.9286111210001309,0.040917858000057095,7.77883648,3.290284032,8.74512384,8.74512384,2028,0.0412900073295871,1,1,208,5B26CC81007A26627B6EF499D3966B1405D42D1608A5D250DE535230256BDD20
paper_software_solstice_socket_L49152_d0.1_s20260728,paper_software_solstice_socket,software operations manual,49152,49117,0.1,77,compiled_only,3.8809652810000443,0,1,run/solstice/relay.sock,run/solstice/control.sock,2.311899705999849,0.44667270600007214,5.175824882390454,1.9263804500001243,0.033771889000036026,7.778842112,3.245313024,8.74512384,8.74512384,1557,0.03169981880000814,1,1,208,F3AA7483EF9E45E6BD0E3206CDDA2249F6902B8C8D37FB18F63353B8E048EB95
paper_software_solstice_socket_L49152_d0.5_s20260728,paper_software_solstice_socket,software operations manual,49152,49111,0.5,383,both_correct,3.517685922000055,1,1,run/solstice/control.sock,run/solstice/control.sock,2.277607945999989,0.45100252500014903,5.050100209525959,1.9266582919999564,0.040226251999911256,7.778811392,3.280843264,8.74512384,8.74512384,1930,0.039298731445093764,1,1,208,0EA3659950FFAB8E77D1703CF6489F05A0EBBBD31BBBC71DF310164E4BFB3311
paper_software_solstice_socket_L49152_d0.9_s20260728,paper_software_solstice_socket,software operations manual,49152,49116,0.9,688,both_correct,3.9834495919999426,1,1,run/solstice/control.sock,run/solstice/control.sock,2.2763353190000544,0.4466390769998725,5.096587907825862,1.925216343999864,0.03770240800008651,7.77883648,3.265316352,8.74512384,8.74512384,1767,0.03597605668214024,1,1,208,ED348D98116B0D0F5BEB69D4CAAD0A361ED922A80883A4A59439F696BE40882B
paper_ecology_marrow_islet_L49152_d0.1_s20260728,paper_ecology_marrow_islet,coastal ecology census,49152,49107,0.1,76,compiled_only,3.4364552949998597,0,1,Tern Rock,Marrow Islet,2.209690953999825,0.38404094099996655,5.75379007312665,1.9303660840000703,0.03762555799994516,7.778790912,3.263221248,8.74512384,8.74512384,1745,0.035534648828069317,0,1,208,C6CEA3EF95E3C4E9B2652186CAAA7B5404F3EC9033684B4589EFC9FC9139D458
paper_ecology_marrow_islet_L49152_d0.5_s20260728,paper_ecology_marrow_islet,coastal ecology census,49152,49110,0.5,382,compiled_only,4.15418633000013,0,1,Lantern Islet,Marrow Islet,2.2481901810001546,0.3718749029999344,6.045555004825241,1.927480406000086,0.03259867499991742,7.77880576,3.2420736,8.74512384,8.74512384,1523,0.031012013846467113,1,1,208,3DF0AE04314CFD8BE1F8649F91946664498022FBB11DC7E811C8B033EC9010D5
paper_ecology_marrow_islet_L49152_d0.9_s20260728,paper_ecology_marrow_islet,coastal ecology census,49152,49114,0.9,688,both_correct,3.7121838620000744,1,1,Marrow Islet,Marrow Islet,2.2269724529999166,0.3746499200001381,5.944142342267405,1.9275108679998993,0.03254191900009573,7.77882624,3.23435776,8.74512384,8.74512384,1442,0.029360263875880605,1,1,208,96EAD55AC681096429A57D5833FD11DD7B39CFD298B6B044035AE5083307939C
paper_rail_northstar_platform8_L49152_d0.1_s20260728,paper_rail_northstar_platform8,rail service notice,49152,49108,0.1,77,both_correct,3.4449445019999985,1,1,8,8,2.129021128999966,0.3059678189999886,6.958317171911617,1.9308092329999909,0.04051040600006672,7.77879552,3.284176896,8.74512384,8.74512384,1965,0.04001384703103364,1,1,208,E630FFD1F3C1133E48A3EB3661492DA5AF9428857121527421EF67C40B20ECC7
paper_rail_northstar_platform8_L49152_d0.5_s20260728,paper_rail_northstar_platform8,rail service notice,49152,49108,0.5,383,both_correct,3.502260496999952,1,1,8,8,2.1262276350000775,0.28210112800002207,7.537111425516565,1.9285870359999535,0.03229130800013991,7.77879552,3.236548608,8.74512384,8.74512384,1465,0.029832206565121772,1,1,208,98CC807C21ED1870043457B939884CFFAB63C5E98DD76BF10CD2B725B72C2C08
paper_rail_northstar_platform8_L49152_d0.9_s20260728,paper_rail_northstar_platform8,rail service notice,49152,49108,0.9,689,both_correct,3.5434187859998474,1,1,8,8,2.125598931000013,0.29890931199997794,7.111183377920892,1.9305059260000235,0.04054870900017704,7.77879552,3.283700224,8.74512384,8.74512384,1960,0.03991203062637452,1,1,208,600504220B12329B19044289B9154B2B92204402DB9DE81015E71532176BB40E
paper_astronomy_polaris_field508_L49152_d0.1_s20260728,paper_astronomy_polaris_field508,observatory catalog revision,49152,49119,0.1,77,compiled_only,3.5643770950000544,0,1,Polar Mosaic Five,Polaris Field 508,2.2595912769997994,0.5071735940000508,4.455262071470489,1.9251440600000933,0.03412643699994078,7.778852352,3.24712192,8.74512384,8.74512384,1576,0.032085343756998314,1,1,208,084ED56558919D4E5E026C8BB40C5B35E2690093CA219F59A059ADADAB16D9E8
paper_astronomy_polaris_field508_L49152_d0.5_s20260728,paper_astronomy_polaris_field508,observatory catalog revision,49152,49118,0.5,383,neither_correct,3.6060384659999727,0,0,Polar Field 580,Polar Field 508,2.3083287750000636,0.4738151280000693,4.871792052616197,1.9282250009998734,0.03364949299998443,7.77884672,3.243789312,8.74512384,8.74512384,1541,0.03137342725681013,1,1,208,9D3750A1A7C3A307EA7C22D46B42323C1C80CB63AADA3901FC275179EF60A646
paper_astronomy_polaris_field508_L49152_d0.9_s20260728,paper_astronomy_polaris_field508,observatory catalog revision,49152,49118,0.9,689,compiled_only,3.675846522000029,0,1,Polar Mosaic Five,Polaris Field 508,2.254581655000038,0.5061745430000428,4.454158523337369,1.9283887159999722,0.038256060000094294,7.77884672,3.267125248,8.74512384,8.74512384,1786,0.036361415367075205,1,1,208,AA46204F2CF6CC73EFBF77166BB10D1E3F8E9CCB18210A303859FE8C157614B5
paper_maritime_beacon76_3_L49152_d0.1_s20260728,paper_maritime_beacon76_3,harbor communications directive,49152,49112,0.1,76,both_correct,3.82838057999993,1,1,76.3 megahertz,76.3 megahertz,2.3090131539997856,0.4829351719999977,4.781207267297145,1.9288797160002105,0.03758629000003566,7.778816,3.263315968,8.74512384,8.74512384,1746,0.035551392734973125,1,1,208,4C0DDB8431454D78ECF2BE86CEEEE6CCF032151AC5F6AF5833BBCBBAF9B13ABE
paper_maritime_beacon76_3_L49152_d0.5_s20260728,paper_maritime_beacon76_3,harbor communications directive,49152,49112,0.5,382,both_correct,3.885826834999989,1,1,76.3 megahertz,76.3 megahertz,2.300607520999847,0.4739037620001909,4.854588010210648,1.9238234289998672,0.03252309799995601,7.778816,3.241216,8.74512384,8.74512384,1514,0.030827496334907965,0,1,208,65F1AEDDF73EB7EA293874D7CFDAB84D0FA3371F81AC9C9DC99980892564A2D9
paper_maritime_beacon76_3_L49152_d0.9_s20260728,paper_maritime_beacon76_3,harbor communications directive,49152,49112,0.9,688,both_correct,3.9406708070000604,1,1,76.3 kilohertz,76.3 megahertz,2.3051981819999128,0.4779154299999391,4.82344372518001,1.9260362510001414,0.0376441309999791,7.778816,3.264935424,8.74512384,8.74512384,1763,0.03589754031601238,0,1,208,E367F3F921AF4DA74C9A90BD783BDDB1056644C93911F8524EC5F7854D4DDA80
paper_council_vote19_6_L49152_d0.1_s20260728,paper_council_vote19_6,municipal council record,49152,49110,0.1,76,neither_correct,3.6826494849999563,0,0,16,19,2.156581793999976,0.3073847719999776,7.015903162568291,1.9293094310000924,0.03253704199983076,7.77880576,3.21368832,8.74512384,8.74512384,1225,0.024944003257992262,0,1,208,55D8BDD1167021391D9D114DA88F7BFEBC083BD6E5F2BD59314D380361C4B2D3
paper_council_vote19_6_L49152_d0.5_s20260728,paper_council_vote19_6,municipal council record,49152,49114,0.5,382,neither_correct,3.6164043969999966,0,0,19,19,2.1657628479999858,0.32849046100000123,6.593076832145751,1.9278370649999488,0.03786483399994722,7.77882624,3.26569728,8.74512384,8.74512384,1771,0.03605896485727084,1,1,208,10BB7580F4F43CF536AD917731F8623A5B1C8F344BD6908129423B95FD85772C
paper_council_vote19_6_L49152_d0.9_s20260728,paper_council_vote19_6,municipal council record,49152,49111,0.9,688,neither_correct,3.6796537379998426,0,0,19,6-to-2,2.1570969790000163,0.397818240000106,5.422317938462151,1.9285938680000072,0.038811341999917204,7.778811392,3.27360256,8.74512384,8.74512384,1854,0.03775121663171184,0,0,208,54460789645042ADF86B149AF5922A37113BBBB155F0D71CBC56A946B1FC7810
paper_museum_azurite_1911_L49152_d0.1_s20260728,paper_museum_azurite_1911,museum conservation dossier,49152,49117,0.1,77,compiled_only,3.4120645529999365,0,1,1941,1911,2.216611590000184,0.37474153000016486,5.915041201863079,1.930307589999984,0.03237351199982186,7.778842112,3.23740672,8.74512384,8.74512384,1474,0.03000997617932691,1,1,208,6ABAF1F8C0AC26F6F0E755354DB6A1080DF0EBCABB4B898A4EDE88BDC7615631
paper_museum_azurite_1911_L49152_d0.5_s20260728,paper_museum_azurite_1911,museum conservation dossier,49152,49117,0.5,383,both_correct,3.474009303999992,1,1,1911,1911,2.2183449919998566,0.38487056699977984,5.763872798309166,1.930389120999962,0.03719756500004223,7.778842112,3.260647936,8.74512384,8.74512384,1718,0.0349777062931368,1,1,208,90F74A0A188692717FC4D40CA26C6C94310AE39B9CBE5FDFFDE15E0374A24E62
paper_museum_azurite_1911_L49152_d0.9_s20260728,paper_museum_azurite_1911,museum conservation dossier,49152,49117,0.9,689,both_correct,3.534034892999898,1,1,1911,1911,2.218105560999902,0.3939568739999686,5.630325823430305,1.9312843339998835,0.04061442900001566,7.778842112,3.286442496,8.74512384,8.74512384,1978,0.04027118920129487,1,1,208,7237491EEF32AB1254C4D263C7E8A1948153E7C2992953EE21B6AD0ACCF8B319
paper_agriculture_lumen_barley_L49152_d0.1_s20260728,paper_agriculture_lumen_barley,agricultural field-trial report,49152,49115,0.1,77,both_correct,3.673879786000043,1,1,Lumen,Lumen,2.155880778999972,0.33732819099986955,6.391048351487485,1.9290207410001585,0.04221411999992597,7.778831872,3.295940096,8.74512384,8.74512384,2068,0.042105263157894736,1,1,208,81131E586049665DC9719FA0F9EB92E84E9DF621245430D1A6E5DF2C5DD64B26
paper_agriculture_lumen_barley_L49152_d0.5_s20260728,paper_agriculture_lumen_barley,agricultural field-trial report,49152,49115,0.5,383,both_correct,3.7026093300000866,1,1,Lumen,Lumen,2.159048023000196,0.3259017780001159,6.6248427248513755,1.9320260150000195,0.032636954000054175,7.778831872,3.2420736,8.74512384,8.74512384,1523,0.031008856764735825,1,1,208,5DE9DE44417A54C672D8086D66E9FA679B4556D845CDC4C6AC558D2364400636
paper_agriculture_lumen_barley_L49152_d0.9_s20260728,paper_agriculture_lumen_barley,agricultural field-trial report,49152,49115,0.9,689,both_correct,3.774616819999892,1,1,Lumen,Lumen,2.155701795000141,0.32149321399992914,6.7052793064572,1.9296615069999916,0.03368030599995109,7.778831872,3.244741632,8.74512384,8.74512384,1551,0.031578947368421054,1,1,208,4C1B0ECE1008C8C5712BAEE2E7D279A2BB4EB76533E799EC3CAD3A09603BC469
paper_engineering_alloy_r62_L49152_d0.1_s20260728,paper_engineering_alloy_r62,turbopump maintenance specification,49152,49110,0.1,76,neither_correct,3.9929326149999724,0,0,R-26,Alloy 1,2.2204092619999756,0.38240362100009406,5.806454594213765,1.9294151100000363,0.034460208999917086,7.77880576,3.25102848,8.74512384,8.74512384,1617,0.03292608430054979,0,0,208,C2F6110E7C73F81A7EE31FA5EF33275D6D8246197DDCAF8C7214D950ADA804FE
paper_engineering_alloy_r62_L49152_d0.5_s20260728,paper_engineering_alloy_r62,turbopump maintenance specification,49152,49119,0.5,383,dense_only,3.6561035889999403,1,0,R-62,D-17,2.218921122999973,0.388141436000069,5.716784958253151,1.92995952199999,0.03443889000004674,7.778852352,3.250742272,8.74512384,8.74512384,1614,0.032858975142002075,0,0,208,219C0BB272012DB159DD5C399D2744767F057623C429BBA55B6924D55F26E98B
paper_engineering_alloy_r62_L49152_d0.9_s20260728,paper_engineering_alloy_r62,turbopump maintenance specification,49152,49110,0.9,688,dense_only,4.0296282580000025,1,0,R-62,D-17,2.214410469000086,0.39245935899998585,5.642394347895181,1.9253705829999035,0.038704628999994384,7.77880576,3.2716032,8.74512384,8.74512384,1833,0.0373243738546121,0,0,208,E8CB511087E8CF6A07DA891589A683D048C2F41098E7EE82A92B4770810545B6
paper_geology_vesper_member_L65536_d0.1_s20260728,paper_geology_vesper_member,geological survey bulletin,65536,65500,0.1,102,both_correct,5.11813218899988,1,1,Vesper Member,Vesper Member,3.3380303290000484,0.43529120700009116,7.668499329460035,3.0283335259998694,0.04226837500004876,9.339510784,3.300044288,10.41235968,10.41235968,2108,0.03218320610687023,1,1,223,A91EE60415F1117E38ECD153AE272B55B6A9FE7D9C6C8C8CAB7BF92F951BB3C3
paper_geology_vesper_member_L65536_d0.5_s20260728,paper_geology_vesper_member,geological survey bulletin,65536,65492,0.5,511,both_correct,5.329249527999991,1,1,Vesper Member,Vesper Member,3.345748262000143,0.42811707300006674,7.815031151536489,3.0411446020000312,0.040416236000055505,9.339469824,3.283128832,10.473177088,10.473177088,1954,0.02983570512428999,1,1,223,FA7142328EB0B6807604D7E596311254C2442C97050CC8C5A21B9DDBF9985088
paper_geology_vesper_member_L65536_d0.9_s20260728,paper_geology_vesper_member,geological survey bulletin,65536,65502,0.9,919,both_correct,5.387201752999999,1,1,Vesper Member,Vesper Member,3.3565653789999033,0.4189304120000088,8.012226572368856,3.0489630170000055,0.040835950999962733,9.339521024,3.288825344,10.47527424,10.47527424,2009,0.030670819211627127,1,1,223,C2A5F5D227C7CB0A892F11C40D6E16DF8E5439BA8C29F1009F1A3A5175DFE281
paper_clinical_nalorex_18mg_L65536_d0.1_s20260728,paper_clinical_nalorex_18mg,clinical protocol amendment,65536,65504,0.1,102,compiled_only,5.160243092999963,0,1,16 milligrams,18 milligrams,3.389686385999994,0.4627429289998872,7.325204068111908,3.0480288039998413,0.04216393799993057,9.339531264,3.296864768,10.47527424,10.47527424,2087,0.03186064973131412,1,1,223,1851A308006528BCC6C622A98134488521C19102643BB5A24216DDDCB865300E
paper_clinical_nalorex_18mg_L65536_d0.5_s20260728,paper_clinical_nalorex_18mg,clinical protocol amendment,65536,65504,0.5,511,both_correct,5.250194068999917,1,1,18 milligrams,18 milligrams,3.39011293700014,0.467384144999869,7.25337599331935,3.0477536939999936,0.04214773199987576,9.339531264,3.297010176,10.47527424,10.47527424,2090,0.031906448461162674,1,1,223,553F7C2F6246B9F37C1D01D2DD6ED268BF792EB1C63B06DA0ED0135B16A98A69
paper_clinical_nalorex_18mg_L65536_d0.9_s20260728,paper_clinical_nalorex_18mg,clinical protocol amendment,65536,65504,0.9,920,both_correct,5.335857768000096,1,1,18 milligrams,18 milligrams,3.392801451999958,0.46090720400002283,7.361137822440696,3.051851804999842,0.03913076599997112,9.339531264,3.2765568,10.47527424,10.47527424,1885,0.02877686858817782,1,1,223,A5654FE50C86700B1ABBD4EB3954F665708C69A943BE17B49D6650BD557E6442
paper_archive_heron_case_L65536_d0.1_s20260728,paper_archive_heron_case,diplomatic archive inventory,65536,65492,0.1,102,both_correct,5.51567285200008,1,1,Heron,Heron,3.330730386999903,0.398962284000163,8.348484356978823,3.049573655999893,0.03849752200017065,9.339469824,3.268365312,10.47527424,10.47527424,1799,0.027469003847798205,1,1,223,CEA8AA7F3C04D66F8C1C668E7AEF0D0F60A9202E7CF55AB58DC5C84D2B959B15
paper_archive_heron_case_L65536_d0.5_s20260728,paper_archive_heron_case,diplomatic archive inventory,65536,65502,0.5,511,both_correct,5.4329056870001295,1,1,Heron,Heron,3.336839661999875,0.396621444999937,8.413159964157774,3.052642558000116,0.040644385999939914,9.339521024,3.286519808,10.47527424,10.47527424,1979,0.030212817929223534,1,1,223,B5AA0515D174D8C6C389EB4828338273BD3041FAF68DD9E15FF073AEE58A3C61
paper_archive_heron_case_L65536_d0.9_s20260728,paper_archive_heron_case,diplomatic archive inventory,65536,65498,0.9,919,both_correct,5.320980396000095,1,1,Heron,Heron,3.333257668999977,0.40824203700003636,8.16490553862213,3.0516302549999637,0.042287810000061654,9.339500544,3.298424832,10.47527424,10.47527424,2097,0.032016244770832696,1,1,223,4729737E89D2203A3B8EBAE715F77307EFA1F6F9349F9DDF1A1121E4E063AAA8
paper_software_solstice_socket_L65536_d0.1_s20260728,paper_software_solstice_socket,software operations manual,65536,65499,0.1,102,both_correct,5.526004251000131,1,1,run/solstice/control.sock,run/solstice/control.sock,3.4541294279999875,0.5152484610000556,6.703813188099197,3.0532333780001863,0.038511634000087724,9.339506176,3.26884096,10.47527424,10.47527424,1804,0.027542405227560726,1,1,223,AC03D46899C408A204DB13036AA7EA7ED54BFDC4FE398C51C7106D90D328DBCF
paper_software_solstice_socket_L65536_d0.5_s20260728,paper_software_solstice_socket,software operations manual,65536,65498,0.5,511,both_correct,5.2637641220001115,1,1,run/solstice/control.sock,run/solstice/control.sock,3.4511725620000107,0.5264293369998541,6.555813514627449,3.048738399000058,0.03880456999991111,9.339500544,3.273793024,10.47527424,10.47527424,1856,0.028336743106659745,1,1,223,3AD34CCD2F7404D28A48E460F2C2101AA37F4FEF34BCE8F96334388F493DB5DA
paper_software_solstice_socket_L65536_d0.9_s20260728,paper_software_solstice_socket,software operations manual,65536,65492,0.9,918,both_correct,6.07241443199996,1,1,run/solstice/control.sock,run/solstice/control.sock,3.4462524540001596,0.5182198819998121,6.650174132071238,3.047040946999914,0.03882287000010365,9.339469824,3.273793024,10.47527424,10.47527424,1856,0.028339339155927443,1,1,223,A8F9730D79E0F486E1DBDC028D0A599532369E21C63E75D13E0120D7732D2BD3
paper_ecology_marrow_islet_L65536_d0.1_s20260728,paper_ecology_marrow_islet,coastal ecology census,65536,65495,0.1,102,compiled_only,5.188094225999976,0,1,Tern Rock,Marrow Islet,3.358168606000163,0.4431803500001479,7.577431188000647,3.050350588999663,0.032722554999963904,9.339485696,3.241406464,10.47527424,10.47527424,1516,0.023146805099625925,1,1,223,3F5D3824FA8466325A97535913BE38A2AB5EA53860C7032F84D1F6B91AA0FCC5
paper_ecology_marrow_islet_L65536_d0.5_s20260728,paper_ecology_marrow_islet,coastal ecology census,65536,65498,0.5,510,compiled_only,5.7747155750003,0,1,Lantern Islet,Marrow Islet,3.4195949850000034,0.4346136639996985,7.868125805180336,3.048153098000057,0.032429471999876114,9.339500544,3.237883392,10.47527424,10.47527424,1479,0.022580842163119483,1,1,223,7F0C7421126B1D8107098C61B80219B73DF6C1D9401CF5240F0B9BB298DD9A73
paper_ecology_marrow_islet_L65536_d0.9_s20260728,paper_ecology_marrow_islet,coastal ecology census,65536,65497,0.9,918,both_correct,5.874072219000027,1,1,Marrow Islet,Marrow Islet,3.3917363330001535,0.46080293500017433,7.36049203549207,3.0493115930003114,0.04211685199970816,9.339495936,3.295550976,10.47527424,10.47527424,2060,0.03145182222086508,1,1,223,48CD40CC07DA35A3AEF75FD1B0F61FF81DDFDC5DE852304510E5C29D9331A328
paper_rail_northstar_platform8_L65536_d0.1_s20260728,paper_rail_northstar_platform8,rail service notice,65536,65496,0.1,102,both_correct,5.727238146000218,1,1,8,8,3.301445878999857,0.36770160400010354,8.978600699818887,3.0528696839996883,0.04026387400017484,9.339490304,3.280177152,10.47527424,10.47527424,1923,0.029360571637962622,1,1,223,82D7CD9582EBA2BCD58E19BFE28F964675485EAD8375950F5D95308484211C98
paper_rail_northstar_platform8_L65536_d0.5_s20260728,paper_rail_northstar_platform8,rail service notice,65536,65496,0.5,511,both_correct,5.735544434000076,1,1,8,8,3.300909346000026,0.3509529829998428,9.405560020561229,3.0509574200000316,0.03418126300039148,9.339490304,3.248455168,10.47527424,10.47527424,1590,0.024276291681934774,1,1,223,D25682B854D1790503DA41441C23DA9958E5374588F7A695B189CD448EE8D497
paper_rail_northstar_platform8_L65536_d0.9_s20260728,paper_rail_northstar_platform8,rail service notice,65536,65496,0.9,919,both_correct,5.829653241999949,1,1,8,8,3.2986888479999834,0.36328319399990505,9.08021318487099,3.052520549000292,0.04050611200000276,9.339490304,3.284081152,10.47527424,10.47527424,1964,0.029986564064981066,1,1,223,B0C1FBB5682E7056D8637AE24999DFC05C3AC7F03D2A1B69FDE3B53BC729EAC4
paper_astronomy_polaris_field508_L65536_d0.1_s20260728,paper_astronomy_polaris_field508,observatory catalog revision,65536,65504,0.1,102,neither_correct,5.6419753039999705,0,0,Polar Mosaic Five,Polar Field 508,3.4228194500001337,0.5448365639999793,6.282286608797173,3.046516845000042,0.04081323299988071,9.339531264,3.287826432,10.47527424,10.47527424,1996,0.0304714215925745,1,1,223,CA080A2CC878EE06EF21FF0F38FD2F9BBA9354C3D07396CF88FA419DBE318BB9
paper_astronomy_polaris_field508_L65536_d0.5_s20260728,paper_astronomy_polaris_field508,observatory catalog revision,65536,65493,0.5,511,compiled_only,5.92196515500018,0,1,Polaris Field 580,Polaris Field 508,3.555180486000154,0.5829306139999062,6.0988055878649154,3.0508633770000415,0.034541387999979634,9.339475456,3.254037504,10.47527424,10.47527424,1640,0.0250408440596705,1,1,223,27C90E330D530569BCA8DEECA5CDD22B3B32514D46CB05228D1BA367847B78E6
paper_astronomy_polaris_field508_L65536_d0.9_s20260728,paper_astronomy_polaris_field508,observatory catalog revision,65536,65492,0.9,919,both_correct,5.678200245000426,1,1,Polaris Field 508,Polaris Field 508,3.513899224999932,0.573606884000128,6.125971153789618,3.047481799000252,0.043104650000259426,9.339469824,3.295453696,10.47527424,10.47527424,2058,0.03142368533561351,1,1,223,A7A2127562730B9746F833E760286BE0646E9D8C42452B5EAAE4BD08275EB247
paper_maritime_beacon76_3_L65536_d0.1_s20260728,paper_maritime_beacon76_3,harbor communications directive,65536,65503,0.1,102,compiled_only,5.543978138000057,0,1,76.8 megahertz,76.3 megahertz,3.487433989999772,0.5373915310001394,6.489558894814194,3.054644149000069,0.03771998899992468,9.339526656,3.26474496,10.47527424,10.47527424,1761,0.026884264842831625,1,1,223,22DE627B1D5553062C18278386BFC3C73D4D1C80435C4807F58B750C78B50D8F
paper_maritime_beacon76_3_L65536_d0.5_s20260728,paper_maritime_beacon76_3,harbor communications directive,65536,65493,0.5,510,both_correct,6.160016287999952,1,1,76.3 kilohertz,76.3 megahertz,3.4787165579996326,0.5269232900000134,6.601941163009789,3.0468615079998926,0.032189903000016784,9.339475456,3.228070912,10.47527424,10.47527424,1376,0.021009878918357688,1,1,223,C2500E567E7666C3460C92C0440FA3C983D1D5F4EB712DA56A204423982836CA
paper_maritime_beacon76_3_L65536_d0.9_s20260728,paper_maritime_beacon76_3,harbor communications directive,65536,65500,0.9,919,both_correct,5.610317994999605,1,1,76.3 megahertz,76.3 megahertz,3.4825245390002237,0.5481022339999981,6.353786434302758,3.05093738900041,0.03865448899978219,9.339510784,3.27065088,10.47527424,10.47527424,1823,0.02783206106870229,1,1,223,4F18EDA5CD4830FB07698AAC0C436B2855FBE3B86CA0B2B4F142A924DD1EAED9
paper_council_vote19_6_L65536_d0.1_s20260728,paper_council_vote19_6,municipal council record,65536,65496,0.1,102,neither_correct,5.503358655000284,0,0,16 votes to 9,19,3.448189851999814,0.41573204499991334,8.29426043402676,3.0482417680000253,0.044118969999999536,9.339490304,3.308685824,10.47527424,10.47527424,2190,0.03343715646757054,1,1,223,5250FF4B8295EAFB9B686B3F74B1A1A64F060B1537E57CE5961E37583749CA35
paper_council_vote19_6_L65536_d0.5_s20260728,paper_council_vote19_6,municipal council record,65536,65503,0.5,510,neither_correct,7.083249711999997,0,0,6-to-2,6-to-2,3.385358690999965,0.45237775900022825,7.483477301098388,3.04816997800026,0.03489602499985267,9.339526656,3.250742272,10.47527424,10.47527424,1614,0.024640092820176176,0,0,223,B1C0A4A02C1C05211C3553393C11C75B143C2831969AB931A1221C9B6404322B
paper_council_vote19_6_L65536_d0.9_s20260728,paper_council_vote19_6,municipal council record,65536,65504,0.9,919,neither_correct,5.343823104999956,0,0,19,6-to-2,3.3274145400000634,0.4589970050001284,7.249316452509603,3.0488865229999647,0.03445616899989545,9.339531264,3.249980416,10.47527424,10.47527424,1606,0.024517586712261848,0,0,223,4F8ADC4E4D56A3B5AEC25827AAC2DFE76CBD038C5E06CB88AACE3CF711562FB9
paper_museum_azurite_1911_L65536_d0.1_s20260728,paper_museum_azurite_1911,museum conservation dossier,65536,65503,0.1,102,compiled_only,5.2728217419999055,0,1,1901,1911,3.3841809709997506,0.45637278699996386,7.415387304852641,3.04813240600015,0.04031103399984204,9.339526656,3.281224192,10.47527424,10.47527424,1934,0.029525365250446543,1,1,223,DE13B8B9972A94702B63C52E6DE479A1C19538DB9680FB823CA6D67F45547FD1
paper_museum_azurite_1911_L65536_d0.5_s20260728,paper_museum_azurite_1911,museum conservation dossier,65536,65503,0.5,511,compiled_only,5.341213749000417,0,1,1901,1911,3.3855302830002074,0.4582417459996577,7.388087865313642,3.050731944999825,0.04046836599991366,9.339526656,3.283034112,10.47527424,10.47527424,1953,0.029815428300993846,1,1,223,3EFCDFADC1922FC35DBDD57C13C055D456710FAE258279BA83D92C2181900CB5
paper_museum_azurite_1911_L65536_d0.9_s20260728,paper_museum_azurite_1911,museum conservation dossier,65536,65503,0.9,919,both_correct,5.5732205300000714,1,1,1911,1911,3.3960112080003455,0.4599945429999934,7.38272064240639,3.053151928999796,0.04213473800018619,9.339526656,3.297010176,10.47527424,10.47527424,2090,0.031906935560203346,1,1,223,24DD6E5535D1858B1FF3E05362ACDDB894B5458FEF8AC502ED75D6E06FF1D7D5
paper_agriculture_lumen_barley_L65536_d0.1_s20260728,paper_agriculture_lumen_barley,agricultural field-trial report,65536,65493,0.1,102,compiled_only,5.578804343999764,0,1,Meridian,Lumen,3.3305478509996647,0.4048720499999945,8.22617380231535,3.0527522209999916,0.04450768700007757,9.339475456,3.31223296,10.47527424,10.47527424,2238,0.03417159085703816,1,1,223,B9A606376DBEF3F1BB0E6F6C3A93DB70B338EEC4E7E9BDD616EB11646631C479
paper_agriculture_lumen_barley_L65536_d0.5_s20260728,paper_agriculture_lumen_barley,agricultural field-trial report,65536,65492,0.5,511,both_correct,5.545006756000021,1,1,Lumen,Lumen,3.3317716199999268,0.39564686700032325,8.421074189871456,3.0548419779997857,0.03774045099999057,9.339469824,3.265887744,10.47527424,10.47527424,1773,0.027072008794967323,1,1,223,46174B21DDA35583AFC3C84CA47689A8C5F54FB6A5FCE316ABCBCBC32164603E
paper_agriculture_lumen_barley_L65536_d0.9_s20260728,paper_agriculture_lumen_barley,agricultural field-trial report,65536,65492,0.9,919,both_correct,5.6779409389996545,1,1,Lumen,Lumen,3.3311407359997247,0.39425416799986124,8.44922135610979,3.050875446000191,0.042410907999965275,9.339469824,3.300493312,10.47527424,10.47527424,2117,0.03232455872472974,1,1,223,10FDE1F3A2D042F8546555CEA6863C42FB92BD9125133EF48DA28C119F283CCA
paper_engineering_alloy_r62_L65536_d0.1_s20260728,paper_engineering_alloy_r62,turbopump maintenance specification,65536,65501,0.1,102,dense_only,5.624905857000158,1,0,R-62,304不锈钢,3.390312621999783,0.4699682440000288,7.213918525949543,3.0536980400001994,0.042252323999946384,9.339516416,3.298719744,10.47527424,10.47527424,2103,0.03210638005526633,0,0,223,254A8185D31A30819A8E21A20955756EE1738D236F44FF5CD68CAA3465D498BE
paper_engineering_alloy_r62_L65536_d0.5_s20260728,paper_engineering_alloy_r62,turbopump maintenance specification,65536,65491,0.5,511,neither_correct,5.174416003999795,0,0,R-60,3152,3.3894518249999237,0.45953223499964224,7.3758739144873315,3.0461010199996963,0.03890651699975933,9.339465216,3.275033088,10.47527424,10.47527424,1869,0.028538272434380296,0,0,223,702722A362D9ADEB322B278205C30FD2203898BD7EA589B4F9947083CE1AC593
paper_engineering_alloy_r62_L65536_d0.9_s20260728,paper_engineering_alloy_r62,turbopump maintenance specification,65536,65501,0.9,919,dense_only,5.378064293999614,1,0,R-62,3152,3.400566712,0.45306536399994,7.5056867776819285,3.0542181890000393,0.034523483000157285,9.339516416,3.254037504,10.47527424,10.47527424,1640,0.025037785682661334,0,0,223,DA98D1EE40A465765A2362B0C0E13E0B7FF6DDD1CFD13472525F0D8319F2022F
paper_geology_vesper_member_L81920_d0.1_s20260728,paper_geology_vesper_member,geological survey bulletin,81920,81877,0.1,127,both_correct,6.944769902000189,1,1,Vesper Member,Vesper Member,4.773642180000024,0.5080358949999209,9.396269489975246,4.409465662999992,0.041062088000217045,10.900237824,3.290437632,12.366905344,12.366905344,2030,0.02479328749221393,0,1,233,52AF77CB707347B64D11804D010379AE5233043199F14252E0D59CA9D62A15ED
paper_geology_vesper_member_L81920_d0.5_s20260728,paper_geology_vesper_member,geological survey bulletin,81920,81881,0.5,639,both_correct,6.1025590409999495,1,1,Vesper Member,Vesper Member,4.7888965369998004,0.4730159079999794,10.124176493869651,4.42939942799967,0.032344391999686195,10.900250112,3.215021568,12.366905344,12.366905344,1239,0.015131715538403293,1,1,233,5E24F213F5002B68478BFC4109F2BCE47FBD667A0B0F94E07DAF4A0D74AC9F81
paper_geology_vesper_member_L81920_d0.9_s20260728,paper_geology_vesper_member,geological survey bulletin,81920,81877,0.9,1149,both_correct,6.862245386000268,1,1,Vesper Member,Vesper Member,4.791536907000136,0.47083030700014206,10.1767809670729,4.428320449999774,0.03457262600022659,10.900237824,3.253042176,12.366905344,12.366905344,1628,0.019883483762228708,1,1,233,AC461E4E9DDC2F4F23CA9D54BEEB0C11CA4A7A17E9B63E824FED27362DDE5670
paper_clinical_nalorex_18mg_L81920_d0.1_s20260728,paper_clinical_nalorex_18mg,clinical protocol amendment,81920,81884,0.1,128,compiled_only,6.826564148000216,0,1,16 milligrams,18 milligrams,4.8244032409998,0.5420472460000383,8.900337150683464,4.433128705999934,0.042440176000127394,10.900258816,3.300258304,12.366905344,12.366905344,2111,0.025780372233891846,1,1,233,D97524BA0C92155755A05A8FDEBBF6E5FE2820BB92EBBB7BF8E0E85E97F6FDF6
paper_clinical_nalorex_18mg_L81920_d0.5_s20260728,paper_clinical_nalorex_18mg,clinical protocol amendment,81920,81884,0.5,638,both_correct,6.97468795199984,1,1,18 milligrams,18 milligrams,4.826180824999938,0.5122733980001613,9.421103738434644,4.428203895000024,0.036957028999950126,10.900258816,3.257854464,12.366905344,12.366905344,1686,0.020590103072639344,1,1,233,ACCE1D7AB77AF946CEF4B2A42F80F5199271DFECE627B996346C3615E35B71C8
paper_clinical_nalorex_18mg_L81920_d0.9_s20260728,paper_clinical_nalorex_18mg,clinical protocol amendment,81920,81884,0.9,1149,both_correct,7.10436861900007,1,1,18 milligrams,18 milligrams,4.822499709999647,0.5198841659998834,9.27610422741886,4.425183486999686,0.037857775000247784,10.900258816,3.266553856,12.366905344,12.366905344,1780,0.021738068487128132,1,1,233,3FADB875C2699E0824126FDF2F52CCADE6E7F507CE36C670508C779772F5AB2A
paper_archive_heron_case_L81920_d0.1_s20260728,paper_archive_heron_case,diplomatic archive inventory,81920,81879,0.1,127,both_correct,8.624993026000084,1,1,Heron,Heron,4.763735006999923,0.4737744969997948,10.054857399810581,4.429820054000174,0.0393830800003343,10.900243968,3.27855616,12.366905344,12.366905344,1906,0.02327825205486144,1,1,233,7FD28D82F8FBBC91FC6CDC143D06C30CEE07A261435785AB141BFB1CC780BFB1
paper_archive_heron_case_L81920_d0.5_s20260728,paper_archive_heron_case,diplomatic archive inventory,81920,81888,0.5,639,both_correct,6.855052258999876,1,1,Heron,Heron,4.769518815000083,0.473074670999722,10.081957685286612,4.43530857199994,0.04066300299973591,10.900271104,3.286596096,12.366905344,12.366905344,1980,0.02417936694021102,1,1,233,3A6C3BB57BCF45AF65CC181CB6A2F9CF6D4719705D409DB8AF06468522878F84
paper_archive_heron_case_L81920_d0.9_s20260728,paper_archive_heron_case,diplomatic archive inventory,81920,81879,0.9,1149,both_correct,6.509897297999942,1,1,Heron document case,Heron,4.83001903100012,0.46519169599969246,10.382857373712262,4.432845583000017,0.040955616000246664,10.900243968,3.289439744,12.366905344,12.366905344,2017,0.02463391101503438,1,1,233,DA644C79124BDE4E7664A872EF15D469EB10A4CFE1BB670A4661DAB13723D302
paper_software_solstice_socket_L81920_d0.1_s20260728,paper_software_solstice_socket,software operations manual,81920,81880,0.1,127,compiled_only,8.423780873999931,0,1,run/solstice/relay.sock,run/solstice/control.sock,4.916291397999885,0.5930784410002161,8.289445473196848,4.424295085000267,0.04059533999998166,10.900246528,3.284271616,12.366905344,12.366905344,1966,0.024010747435271127,1,1,233,8FDAA91E7881363C10D171C64EBFEB78C0D797020F3291290CBBF9D9DD056F08
paper_software_solstice_socket_L81920_d0.5_s20260728,paper_software_solstice_socket,software operations manual,81920,81883,0.5,639,both_correct,6.778289756000049,1,1,run/solstice/control.sock,run/solstice/control.sock,4.883525703000032,0.5997038030000112,8.143229505249511,4.42771241499986,0.03869382199991378,10.900256256,3.269221888,12.366905344,12.366905344,1808,0.022080285285101912,1,1,233,4533874DD77CA9B3547A0098DDC594D4462FD66958282116AE07202DBFA9A024
paper_software_solstice_socket_L81920_d0.9_s20260728,paper_software_solstice_socket,software operations manual,81920,81876,0.9,1149,both_correct,6.418591660999937,1,1,run/solstice/control.sock,run/solstice/control.sock,4.90307497699996,0.5880773499998213,8.337466112240932,4.430275931000324,0.03873746999988725,10.90023424,3.270079488,12.366905344,12.366905344,1817,0.02219209536372075,1,1,233,E0D20F4A26BE042C251519FD90D0A0C15A507207C4A93CAA98ED81D7A59C86E8
paper_ecology_marrow_islet_L81920_d0.1_s20260728,paper_ecology_marrow_islet,coastal ecology census,81920,81883,0.1,127,compiled_only,8.343369300999711,0,1,Lantern Islet,Marrow Islet,4.858217539000179,0.5435558829999536,8.93784372673342,4.426999275000071,0.0404484800001228,10.900256256,3.2815104,12.366905344,12.366905344,1937,0.023655703870156197,1,1,233,73625639F289D90F2BE7F4BA7E750B5577905E5C39ECF42FE0B978855F85A285
paper_ecology_marrow_islet_L81920_d0.5_s20260728,paper_ecology_marrow_islet,coastal ecology census,81920,81888,0.5,639,compiled_only,6.413015659999928,0,1,Lantern Islet,Marrow Islet,4.855973112000356,0.5304408399997556,9.154598865356208,4.430420065999897,0.04058570699999109,10.900271104,3.283700224,12.366905344,12.366905344,1960,0.023935130910511918,1,1,233,5A8CA436397EE01D7C3B1C542B45DCEBCA67B3B798F8E438E86458EB3A7DECDE
paper_ecology_marrow_islet_L81920_d0.9_s20260728,paper_ecology_marrow_islet,coastal ecology census,81920,81880,0.9,1149,compiled_only,7.300743598999816,0,1,Lantern Islet,Marrow Islet,4.856769144000282,0.5340150440001707,9.094817081592797,4.426683164000224,0.04083523899998909,10.900246528,3.287750144,12.366905344,12.366905344,1995,0.024364924279433316,1,1,233,3A7B432E5B3D25974A1CADDBD769D14FCD7543C9DF1CEA9B661016270320542F
paper_rail_northstar_platform8_L81920_d0.1_s20260728,paper_rail_northstar_platform8,rail service notice,81920,81876,0.1,128,both_correct,6.326493656000366,1,1,8,8,4.739446721000149,0.4439235949998874,10.676266759376354,4.435668756999803,0.03928347400005805,10.90023424,3.278365696,12.366905344,12.366905344,1904,0.023254677805461917,1,1,233,C8E13938A6D04EEAAA6D1BCC51F8477A1F1755D4B6E501235A3375600929AED8
paper_rail_northstar_platform8_L81920_d0.5_s20260728,paper_rail_northstar_platform8,rail service notice,81920,81876,0.5,639,both_correct,6.439575311999761,1,1,8,8,4.73576641300042,0.44940302899976814,10.537904970379858,4.428751957999793,0.04064833800021006,10.90023424,3.285033472,12.366905344,12.366905344,1974,0.024109629195368607,1,1,233,868ACC2E23449634102A7F449A97C6A39CE7AD458E9087ADB4B62C359327B963
paper_rail_northstar_platform8_L81920_d0.9_s20260728,paper_rail_northstar_platform8,rail service notice,81920,81876,0.9,1149,both_correct,6.483909921999839,1,1,8,8,4.737191061999965,0.43871127700003854,10.79796966787236,4.433572923000156,0.04110446300001058,10.90023424,3.291701248,12.366905344,12.366905344,2044,0.024964580585275294,1,1,233,35F6D75B6222D10141856BE1F234EEA134DDD2A25CFBE5FDA3FF9BE68487C097
paper_astronomy_polaris_field508_L81920_d0.1_s20260728,paper_astronomy_polaris_field508,observatory catalog revision,81920,81888,0.1,128,compiled_only,6.512672437999754,0,1,Polar Mosaic Five,Polaris Field 508,4.850225568000042,0.6485032230002616,7.479107884091556,4.4262870720003775,0.037691902999995364,10.900271104,3.26388736,12.366905344,12.366905344,1752,0.021395076201641265,1,1,233,A9C7BFF2E457DCDE505F463B6E8CD3BED5291FDB55DE955C15587D7C52E2C220
paper_astronomy_polaris_field508_L81920_d0.5_s20260728,paper_astronomy_polaris_field508,observatory catalog revision,81920,81888,0.5,639,neither_correct,6.593504940999992,0,0,Polar Field 580,Polar Field 508,4.916015031999905,0.6171869449999576,7.965196075234939,4.433597536999969,0.04099304699957429,10.900271104,3.289439744,12.366905344,12.366905344,2017,0.024631203595154357,1,1,233,1DF25691CD9267C5E888AEA079780228DF19D3CF5095B9988098452CE1C864C2
paper_astronomy_polaris_field508_L81920_d0.9_s20260728,paper_astronomy_polaris_field508,observatory catalog revision,81920,81888,0.9,1149,compiled_only,6.723871018999944,0,1,Polar Mosaic Five,Polaris Field 508,4.848687953000081,0.6284333460002927,7.7155166635569055,4.429685339000116,0.03878094699985013,10.900271104,3.271316992,12.366905344,12.366905344,1830,0.02234759671746776,1,1,233,E14C9C6C7FC63E13F7024C18402871F4DC92166CDA6A7BFECC00851D37028CC3
paper_maritime_beacon76_3_L81920_d0.1_s20260728,paper_maritime_beacon76_3,harbor communications directive,81920,81880,0.1,128,compiled_only,6.073632940000152,0,1,76.8 megahertz,76.3 megahertz,4.916602569999668,0.6036198599999807,8.145196829673274,4.428265394999926,0.03765337699996962,10.900246528,3.262268928,12.366905344,12.366905344,1735,0.0211895456765999,1,1,233,AF996C1F5CC0DF8E7E75A92ACA9CCCD35422A8BE2FDBBD7236418E172A3CA42E
paper_maritime_beacon76_3_L81920_d0.5_s20260728,paper_maritime_beacon76_3,harbor communications directive,81920,81882,0.5,639,both_correct,6.425896735000151,1,1,76.3 kilohertz,76.3 megahertz,4.912486341999738,0.6311957129996699,7.782825898252429,4.428232576000028,0.034314299000016035,10.900252672,3.248169984,12.366905344,12.366905344,1587,0.019381549058401115,1,1,233,572A0D9580AD57F000B35C419FCF753FF5A110EBE58CC14F26CAD20DE427E019
paper_maritime_beacon76_3_L81920_d0.9_s20260728,paper_maritime_beacon76_3,harbor communications directive,81920,81880,0.9,1149,both_correct,6.2356343749997905,1,1,76.3 kilohertz,76.3 megahertz,4.918840311999702,0.618602402000306,7.951537685748056,4.434799705999922,0.03953768900009891,10.900246528,3.277890048,12.366905344,12.366905344,1899,0.02319247679531021,0,1,233,71D34000117224A708095C6DFCCBBFBC4830E356D3B9E32705B897D82C606152
paper_council_vote19_6_L81920_d0.1_s20260728,paper_council_vote19_6,municipal council record,81920,81881,0.1,128,neither_correct,6.482675230000041,0,0,16,19,4.764080677000038,0.4776346769999691,9.974319090320877,4.434328582000035,0.04288278400008494,10.900250112,3.306844672,12.366905344,12.366905344,2175,0.02656293889913411,1,1,233,73C5017FFA59ACD7752BD71359125E165F2332BE15C699D25892A8D438A59E99
paper_council_vote19_6_L81920_d0.5_s20260728,paper_council_vote19_6,municipal council record,81920,81886,0.5,639,neither_correct,7.068479391999972,0,0,6-to-2,6-to-2,4.821224048000204,0.5236100749998513,9.207660964127882,4.434278959000039,0.03881489100012914,10.90026496,3.272745984,12.366905344,12.366905344,1845,0.022531324035854724,0,0,233,BAA5468F915F7CD85443F40265357277AE07D11E085BA1535A6872F0947B28CE
paper_council_vote19_6_L81920_d0.9_s20260728,paper_council_vote19_6,municipal council record,81920,81884,0.9,1150,neither_correct,6.215116446000138,0,0,19,6-to-2,4.759402234999925,0.5252524620000258,9.06117073088501,4.42771435800023,0.03887475800001994,10.900258816,3.27265024,12.366905344,12.366905344,1844,0.022519661960822626,0,0,233,7667C9FC38F9C12E43FEF39C4D6E801F497BABE7D382502CE593DC8D4E0B65CF
paper_museum_azurite_1911_L81920_d0.1_s20260728,paper_museum_azurite_1911,museum conservation dossier,81920,81887,0.1,127,compiled_only,5.964167035000173,0,1,1941,1911,4.825417282000217,0.5056254080000144,9.543462819811616,4.438582879000023,0.03387374000021737,10.900268544,3.244932096,12.366905344,12.366905344,1553,0.01896515930489577,1,1,233,F0EF3CC583B7D666A8622132DD23A23E7EDAF5A5DD37B936D1E3C468D73CEE9A
paper_museum_azurite_1911_L81920_d0.5_s20260728,paper_museum_azurite_1911,museum conservation dossier,81920,81887,0.5,639,both_correct,6.092831022000155,1,1,1911,1911,4.825463009000032,0.5239727940002012,9.209377021582878,4.4318745559999115,0.04080020899982628,10.900268544,3.288364544,12.366905344,12.366905344,2003,0.024460537081588043,1,1,233,974AED1713D456996B187F3276FF578EFE8E383B0877FDC3EC97F25FF5E4144C
paper_museum_azurite_1911_L81920_d0.9_s20260728,paper_museum_azurite_1911,museum conservation dossier,81920,81887,0.9,1150,both_correct,6.3020113479997235,1,1,1911,1911,4.825509211999815,0.5063201110001501,9.53055015426473,4.4334594070001,0.03713189900008729,10.900268544,3.25979136,12.366905344,12.366905344,1709,0.02087022360081576,1,1,233,6D15C932189F80002DC758E35F496596097FFC71451B2806B954DAAFD4864646
paper_agriculture_lumen_barley_L81920_d0.1_s20260728,paper_agriculture_lumen_barley,agricultural field-trial report,81920,81884,0.1,127,compiled_only,6.268155693000153,0,1,Meridian,Lumen,4.764409341999908,0.46492794400001003,10.24762955955989,4.434120730999894,0.03704967300018325,10.900258816,3.256942592,12.366905344,12.366905344,1675,0.020455766694348104,1,1,233,F7A2E1DF78CF5C05E85882BA17CB826B84DC7074DBC0619C0E47D66504ACDB27
paper_agriculture_lumen_barley_L81920_d0.5_s20260728,paper_agriculture_lumen_barley,agricultural field-trial report,81920,81884,0.5,639,compiled_only,6.374189821000073,0,1,Meridian,Lumen,4.762281998999697,0.46356087499998466,10.273261303598701,4.434307873999842,0.03952460099981181,10.900258816,3.27255552,12.366905344,12.366905344,1843,0.022507449562796152,1,1,233,BC77D5A4227112F791AE001CF9CDCD822111E4EA656D4CE847A31E439FBFE736
paper_agriculture_lumen_barley_L81920_d0.9_s20260728,paper_agriculture_lumen_barley,agricultural field-trial report,81920,81884,0.9,1150,compiled_only,6.511201748000076,0,1,Meridian,Lumen,4.765704484999787,0.47313874400015266,10.072530616935166,4.432992410999759,0.038757371000428975,10.900258816,3.271031808,12.366905344,12.366905344,1827,0.022312051194372528,1,1,233,532AF2C6234D8DC748B59B8794F5781438C6817D42748354BA7E3472FF6A2650
paper_engineering_alloy_r62_L81920_d0.1_s20260728,paper_engineering_alloy_r62,turbopump maintenance specification,81920,81885,0.1,127,dense_only,8.664612036000108,1,0,R-62,35,4.832802566000282,0.4779969119999805,10.110530935815918,4.433649643999615,0.042373178000161715,10.9002624,3.298930688,12.366905344,12.366905344,2105,0.02570678390425597,0,0,233,BAB8BC01C6466EB46C984870C377C964698FA0608985F1434D99493217E5E6F5
paper_engineering_alloy_r62_L81920_d0.5_s20260728,paper_engineering_alloy_r62,turbopump maintenance specification,81920,81881,0.5,639,both_correct,6.66692300800014,1,1,R-62,R-62,4.833239133000006,0.5368324539999776,9.003254361742087,4.433460580999963,0.0385343479997573,10.900250112,3.268650496,12.366905344,12.366905344,1802,0.022007547538500996,1,1,233,D41B0372EBEDEE546999CB13B2C9F855603F85DE5B0EA2210B2D7E580FAA9CEA
paper_engineering_alloy_r62_L81920_d0.9_s20260728,paper_engineering_alloy_r62,turbopump maintenance specification,81920,81886,0.9,1149,dense_only,6.531278203000056,1,0,R-62,304L,4.83425858999999,0.5243284339999263,9.219905457197978,4.437699211000108,0.034666718000153196,10.90026496,3.255282176,12.366905344,12.366905344,1655,0.020211025083652884,0,0,233,4E06A84A41EB7A315A389F162AF61AE988C8335FC1A53A9AD6747238E23BBA31
paper_geology_vesper_member_L98304_d0.1_s20260728,paper_geology_vesper_member,geological survey bulletin,98304,98272,0.1,153,both_correct,7.808176301999993,1,1,Vesper Member,Vesper Member,6.481490672999826,0.5916231890000745,10.955437165934024,6.032093156999963,0.04077023999980156,12.460945408,3.286063616,14.162067456,14.162067456,1982,0.020168511885379357,1,1,240,9E6365BD15C152A3EBDCE4DF15ACDB23C77837C10CA9ABC0AF5A07528382A7E6
paper_geology_vesper_member_L98304_d0.5_s20260728,paper_geology_vesper_member,geological survey bulletin,98304,98271,0.5,766,both_correct,7.518869313000323,1,1,Vesper Member,Vesper Member,6.513323645999662,0.5871024029997898,11.094016329553321,6.065543854000225,0.040856794000319496,12.460942848,3.287606784,14.164164608,14.164164608,2001,0.02036206001770614,0,1,240,CB9BC9EC36E8EEA3E47EDD3D55F58B1F330AB9BC38F3896CD3E1D82A558EE727
paper_geology_vesper_member_L98304_d0.9_s20260728,paper_geology_vesper_member,geological survey bulletin,98304,98265,0.9,1380,both_correct,7.8811328070000854,1,1,Vesper Member,Vesper Member,6.506106774999807,0.5803178000001026,11.211282464536945,6.073878081999737,0.042184277000160364,12.460924416,3.296083456,14.164164608,14.164164608,2050,0.02086195491782425,1,1,240,AF8ED8836DDC21E537C69AFFE4A8D4FC7FE5DDA0226B20CB96BD93AF41CA7E58
paper_clinical_nalorex_18mg_L98304_d0.1_s20260728,paper_clinical_nalorex_18mg,clinical protocol amendment,98304,98265,0.1,153,compiled_only,8.37774508099983,0,1,16 milligrams,18 milligrams,6.539669248000337,0.6251322120001532,10.461257830685478,6.067723187000411,0.042204624000078184,12.460924416,3.296050176,14.164164608,14.164164608,2049,0.020851778354449704,1,1,240,C81C53E2DE855A01526897744926C70538FB6EA435EDB559AFFF1613DF739848
paper_clinical_nalorex_18mg_L98304_d0.5_s20260728,paper_clinical_nalorex_18mg,clinical protocol amendment,98304,98265,0.5,767,both_correct,8.344124036999801,1,1,18 milligrams,18 milligrams,6.531220595999912,0.5985721440001726,10.911334016235191,6.068869455999902,0.03379574500013405,12.460924416,3.243789312,14.164164608,14.164164608,1541,0.01568208416017911,1,1,240,A467637C965E7DBF6CF248458292CC12BE96CB4C2945ACA7715B6F4CBA5A0748
paper_clinical_nalorex_18mg_L98304_d0.9_s20260728,paper_clinical_nalorex_18mg,clinical protocol amendment,98304,98265,0.9,1380,both_correct,8.528012579000006,1,1,18 milligrams,18 milligrams,6.532752170000094,0.6122343540000657,10.670345640224223,6.070936019999863,0.040876295999623835,12.460924416,3.286939648,14.164164608,14.164164608,1994,0.020292067368849538,1,1,240,C397D1132C55049CE0E0A49294FC0A358EE9A1081C755DA4CD408915D44321C0
paper_archive_heron_case_L98304_d0.1_s20260728,paper_archive_heron_case,diplomatic archive inventory,98304,98264,0.1,153,both_correct,8.060015652999937,1,1,Heron,Heron,6.46544164900024,0.5545387799998025,11.659133467640519,6.062878091999664,0.03714386399997238,12.460920832,3.258609152,14.164164608,14.164164608,1694,0.0172392737930473,1,1,240,DAB171FB1547A3D109F73A1253BEE87D92BDD4256ACD826D2BECAE487758A43F
paper_archive_heron_case_L98304_d0.5_s20260728,paper_archive_heron_case,diplomatic archive inventory,98304,98264,0.5,767,both_correct,8.283278837000125,1,1,Heron,Heron,6.468407301999832,0.5493645579999793,11.774344026758413,6.065342920999683,0.037355550000029325,12.460920832,3.257494016,14.164164608,14.164164608,1676,0.017056093788162502,1,1,240,832398BB9FFF1C36626E9E4B64C0BEEC1A2D9F6E3FDA42B9D01DDF57EE49A492
paper_archive_heron_case_L98304_d0.9_s20260728,paper_archive_heron_case,diplomatic archive inventory,98304,98264,0.9,1380,both_correct,8.415966269999899,1,1,Heron document case,Heron,6.533957450999878,0.5561148449996836,11.749295149644128,6.073724796000079,0.037158877000365464,12.460920832,3.259430912,14.164164608,14.164164608,1705,0.01735121712936579,1,1,240,09E6280D2E064BA97ECAA9908F6FA4FA032D966A3782E405B0AC26C7C4F64D2F
paper_software_solstice_socket_L98304_d0.1_s20260728,paper_software_solstice_socket,software operations manual,98304,98262,0.1,153,compiled_only,7.872312504000092,0,1,run/equinox/relay.sock,run/solstice/control.sock,6.630336715999874,0.6737689820001833,9.84066778544292,6.0709537609996005,0.037830907000170555,12.460914688,3.264554496,14.164164608,14.164164608,1759,0.017901121491522665,1,1,240,29329F6EFE9147FD3DC91E269190FC2A55AC072B782EC23D7D74D6C057B369C1
paper_software_solstice_socket_L98304_d0.5_s20260728,paper_software_solstice_socket,software operations manual,98304,98262,0.5,767,both_correct,8.051140376999683,1,1,run/solstice/control.sock,run/solstice/control.sock,6.598290214999906,0.6831915429997935,9.658038485119102,6.068860514999869,0.03777606299991021,12.460914688,3.264458752,14.164164608,14.164164608,1758,0.017890944617451304,1,1,240,4A87E31BA2324847AAEBBADBB13E91A338D4298A117863286F68F48F8F011705
paper_software_solstice_socket_L98304_d0.9_s20260728,paper_software_solstice_socket,software operations manual,98304,98262,0.9,1380,compiled_only,8.030844441000227,0,1,run/equinox/relay.sock,run/solstice/control.sock,6.635797932999594,0.6768992699999217,9.80322808296183,6.0824853310000435,0.03801316300041435,12.460914688,3.265792,14.164164608,14.164164608,1772,0.01803342085445035,1,1,240,82E169B85EC06B3243D77E79EEAAE56DAD8C0FC192301348C2017FA08A20C015
paper_ecology_marrow_islet_L98304_d0.1_s20260728,paper_ecology_marrow_islet,coastal ecology census,98304,98270,0.1,153,compiled_only,7.4790986779999,0,1,Lantern Islet,Marrow Islet,6.565499483000167,0.6219710720001785,10.55595634357458,6.073670188000051,0.0405631280000307,12.460939264,3.284519424,14.164164608,14.164164608,1956,0.01990434517146637,1,1,240,DD28AEA6A58720BC4235CB24F5DF8986171A7022108729D4EEA06C0689A7AE6E
paper_ecology_marrow_islet_L98304_d0.5_s20260728,paper_ecology_marrow_islet,coastal ecology census,98304,98270,0.5,767,compiled_only,7.57100456399985,0,1,Lantern Islet,Marrow Islet,6.5692122939999535,0.6116421770002489,10.740286626762956,6.066693856999791,0.0404124600004252,12.460939264,3.2806528,14.164164608,14.164164608,1928,0.01961941589498321,1,1,240,4FE7DDEC1CFC604217BF46FDFC3379A589FB193B9B8E25C0C9B1EC4BC074E452
paper_ecology_marrow_islet_L98304_d0.9_s20260728,paper_ecology_marrow_islet,coastal ecology census,98304,98270,0.9,1380,compiled_only,7.746062228000028,0,1,Lantern Islet,Marrow Islet,6.56956726899989,0.5893619670000589,11.146914183214054,6.072600133999913,0.03704248699978052,12.460939264,3.258933248,14.164164608,14.164164608,1699,0.01728910145517452,1,1,240,BD99E4642534778CDCA7FE31D3AE67841E479FD0974DB863BDBF5C7392EC42A6
paper_rail_northstar_platform8_L98304_d0.1_s20260728,paper_rail_northstar_platform8,rail service notice,98304,98261,0.1,154,both_correct,7.417400039000313,1,1,8,8,6.43836656800022,0.5230633760002092,12.308960755833235,6.0658172039998135,0.03939395399993373,12.460912128,3.278842368,14.164164608,14.164164608,1909,0.019427850317012853,1,1,240,0959C371A4912C289ABCFABEF12A459770FD0B5E4C23C6E0C3A452B9B3521CCA
paper_rail_northstar_platform8_L98304_d0.5_s20260728,paper_rail_northstar_platform8,rail service notice,98304,98261,0.5,767,both_correct,7.608344807999856,1,1,8,8,6.441899638999985,0.4976436750002904,12.94480360670961,6.072672550999869,0.03293318799978806,12.460912128,3.2315008,14.164164608,14.164164608,1412,0.014369892429346333,1,1,240,216B28692A129A2E113F8F8CB019C4BDE6F0A56D8409D9F3C20D64AE9120F22F
paper_rail_northstar_platform8_L98304_d0.9_s20260728,paper_rail_northstar_platform8,rail service notice,98304,98261,0.9,1380,both_correct,7.652053444999638,1,1,8,8,6.438354212999911,0.5160270860001219,12.476775711340064,6.071520277000218,0.03893521100008002,12.460912128,3.279889408,14.164164608,14.164164608,1920,0.019539797071065835,0,1,240,78EA326EEB3D3B3A02205500AEC062B519E3FFAE922201C6722F155AC0BC7CF7
paper_astronomy_polaris_field508_L98304_d0.1_s20260728,paper_astronomy_polaris_field508,observatory catalog revision,98304,98264,0.1,154,compiled_only,7.436290106999877,0,1,Polar Mosaic Five,Polaris Field 508,6.571789815000102,0.7468711270003041,8.799094753327404,6.081560586000251,0.03796591299987995,12.460920832,3.266078208,14.164164608,14.164164608,1775,0.018063583815028903,1,1,240,D67E08A953CAE47C89A69947AFDFBF3FE803FFE963F4DF74C8BF8932BE8F0789
paper_astronomy_polaris_field508_L98304_d0.5_s20260728,paper_astronomy_polaris_field508,observatory catalog revision,98304,98264,0.5,767,neither_correct,7.594555999000022,0,0,Polar Field 518,Polar Field 508,6.63260527500006,0.7050038339998537,9.40789958172261,6.078456920999997,0.04056067100009386,12.460920832,3.284519424,14.164164608,14.164164608,1956,0.019905560530814947,1,1,240,54BAC0AC0420B0BF2CCA89C2B8D4E977C74AEF67FC8743557F935FB24E819104
paper_astronomy_polaris_field508_L98304_d0.9_s20260728,paper_astronomy_polaris_field508,observatory catalog revision,98304,98264,0.9,1380,compiled_only,7.712146953000229,0,1,Polar Mosaic Five,Polaris Field 508,6.581960226999854,0.7357855509999354,8.945487198076865,6.085922651999681,0.03788302200018734,12.460920832,3.265220608,14.164164608,14.164164608,1766,0.0179719938125865,0,1,240,22AE98B0CF45F61331AB850ACD8F6BEA63A93D75FA3C1ADBF061E43B9831D07F
paper_maritime_beacon76_3_L98304_d0.1_s20260728,paper_maritime_beacon76_3,harbor communications directive,98304,98272,0.1,153,compiled_only,8.269687022999733,0,1,76.8 megahertz,76.3 megahertz,6.635927672999969,0.6922134169999481,9.586534311571235,6.079448222000337,0.037067961000047944,12.460945408,3.257865728,14.164164608,14.164164608,1682,0.017115760338651906,1,1,240,E6A3432A3F2855F986ABC1804843B4C4E4EC6C236A47AA3D062F9FE209CA0CA1
paper_maritime_beacon76_3_L98304_d0.5_s20260728,paper_maritime_beacon76_3,harbor communications directive,98304,98263,0.5,766,both_correct,8.38526192900008,1,1,76.3 megahertz,76.3 megahertz,6.636215725000056,0.7170533929997873,9.254841814829854,6.0845050850002735,0.04060797600004662,12.460918272,3.284756992,14.164164608,14.164164608,1960,0.01994647018715081,0,1,240,AB8A16ABC73ED2B117B7A1CBDF8922F2333E19E403E7ED6F59E3BE762F51A11D
paper_maritime_beacon76_3_L98304_d0.9_s20260728,paper_maritime_beacon76_3,harbor communications directive,98304,98270,0.9,1380,both_correct,8.655907529999695,1,1,76.3 kilohertz,76.3 megahertz,6.639403299000151,0.70757983600015,9.383256787717087,6.077681764999852,0.04039633000002141,12.460939264,3.28374784,14.164164608,14.164164608,1943,0.019772056578813473,1,1,240,ECE189947B0525B1EA9489BBDCEA0CF8661F85EB50E7D1111978F900A4D77A2A
paper_council_vote19_6_L98304_d0.1_s20260728,paper_council_vote19_6,municipal council record,98304,98272,0.1,153,neither_correct,7.395832941000208,0,0,16 votes to 9,6-to-2,6.594104880000032,0.624727589000031,10.555168358347792,6.062081215000035,0.03917848999981288,12.460945408,3.274842624,14.164164608,14.164164608,1867,0.018998290459133833,1,1,240,945D9D05232F7B7699481A597AB39E1F1E49EE36E3AA485B4CE6D1E40E5BDDE1
paper_council_vote19_6_L98304_d0.5_s20260728,paper_council_vote19_6,municipal council record,98304,98272,0.5,767,neither_correct,7.601867438000227,0,0,6-to-2,6-to-2,6.522633887000211,0.6170580899997731,10.57053459424316,6.058334597999874,0.03463187399938761,12.460945408,3.25102848,14.164164608,14.164164608,1617,0.01645433083686096,0,0,240,2B22811A7A81B15180518168D47E5DD395A0E41E45A9B661272D19F03CE0E5EB
paper_council_vote19_6_L98304_d0.9_s20260728,paper_council_vote19_6,municipal council record,98304,98272,0.9,1380,neither_correct,7.67680122100046,0,0,19,6-to-2,6.467247101999419,0.6145285829998102,10.523915861536771,6.066020329999446,0.038947484999880544,12.460945408,3.272840704,14.164164608,14.164164608,1846,0.01878459785086291,0,0,240,20E637616696924DAE0B0B2EBA8C79F893628A2C75837017842B538F169B4F10
paper_museum_azurite_1911_L98304_d0.1_s20260728,paper_museum_azurite_1911,museum conservation dossier,98304,98267,0.1,154,compiled_only,7.645510536000074,0,1,1941,1911,6.55717216299945,0.6190068510004494,10.593052649420013,6.0909410229996865,0.04238968899971951,12.46093056,3.298177536,14.164164608,14.164164608,2105,0.021421229914416844,1,1,240,98E77A2FE3C8A3F95672D697CDE1E2E5CBE26DACF1F5E56CDD386D5D98833578
paper_museum_azurite_1911_L98304_d0.5_s20260728,paper_museum_azurite_1911,museum conservation dossier,98304,98267,0.5,767,both_correct,7.707849635999992,1,1,1911,1911,6.5333074549998855,0.6171949889994721,10.585483633933835,6.072045032999995,0.04081718299948989,12.46093056,3.292868608,14.164164608,14.164164608,2048,0.0208411776079457,1,1,240,927F29BB75045A92F151943DD890DAF57CAA333318471036639D57917A49366F
paper_museum_azurite_1911_L98304_d0.9_s20260728,paper_museum_azurite_1911,museum conservation dossier,98304,98267,0.9,1380,both_correct,7.8275378320004165,1,1,1911,1911,6.5485438169998815,0.6144311339994601,10.657897125710488,6.081998082000609,0.0425648269992962,12.46093056,3.301072896,14.164164608,14.164164608,2119,0.02156369890197116,1,1,240,7DE9B3128FD0F5B5D0FCA44CB16ED8B9832ADC7B2B5C207F692D67714BFDF878
paper_agriculture_lumen_barley_L98304_d0.1_s20260728,paper_agriculture_lumen_barley,agricultural field-trial report,98304,98270,0.1,154,both_correct,8.146881047000534,1,1,Lumen,Lumen,6.4759276689992475,0.5694826520002607,11.371597793634429,6.070641925000018,0.04075680400001147,12.460939264,3.284816896,14.164164608,14.164164608,1961,0.01995522539940979,1,1,240,BE24158760CD3F0AE6E9D8A80188B6901901E2BAA139B2A878361D0EF36C5DED
paper_agriculture_lumen_barley_L98304_d0.5_s20260728,paper_agriculture_lumen_barley,agricultural field-trial report,98304,98270,0.5,767,both_correct,8.303590221999912,1,1,Lumen,Lumen,6.469947521999529,0.5501363800003674,11.760624741805312,6.0698247000000265,0.03927781399943342,12.460939264,3.277222912,14.164164608,14.164164608,1892,0.01925307825379058,1,1,240,3103FE7BB6CFC39D08334DD4805F6A49D34AB000E3F85B10A4F6783B5551A35D
paper_agriculture_lumen_barley_L98304_d0.9_s20260728,paper_agriculture_lumen_barley,agricultural field-trial report,98304,98270,0.9,1380,both_correct,8.440776483000263,1,1,Lumen,Lumen,6.468051228999684,0.5320137130001967,12.157677651811378,6.071124121000139,0.037055515000247397,12.460939264,3.25761792,14.164164608,14.164164608,1678,0.01707540449781215,1,1,240,1D3E07523B8F4CC20E0293B52A49E85B00A8C94F3F52476277D4B03A3339CDD5
paper_engineering_alloy_r62_L98304_d0.1_s20260728,paper_engineering_alloy_r62,turbopump maintenance specification,98304,98270,0.1,153,dense_only,7.979188390000672,1,0,R-62,Alloy 1,6.542943055999785,0.6173681440004657,10.598122238057767,6.072643507000066,0.03916395300075237,12.460939264,3.27560448,14.164164608,14.164164608,1875,0.019080085478782944,0,0,240,4A2860865A825CEB7718D220A63E209C0B75B5981816D1E18ED00FF8F4038D4A
paper_engineering_alloy_r62_L98304_d0.5_s20260728,paper_engineering_alloy_r62,turbopump maintenance specification,98304,98270,0.5,767,dense_only,8.135083105999911,1,0,R-62,3152,6.5390809999998964,0.6164509560003353,10.607625694064687,6.069983202999538,0.038903746999494615,12.460939264,3.272840704,14.164164608,14.164164608,1846,0.018784980156711102,0,0,240,EF0D00D57FF3476D42654599E4A2379A1BB67CC2BBBDE022611F1651E5E06301
paper_engineering_alloy_r62_L98304_d0.9_s20260728,paper_engineering_alloy_r62,turbopump maintenance specification,98304,98270,0.9,1380,dense_only,8.272663359000035,1,0,R-62,3152,6.537828727000488,0.6286813619999521,10.399272385302535,6.071850670999993,0.03923286499957612,12.460939264,3.275889664,14.164164608,14.164164608,1878,0.019110613615549,0,0,240,11841B24F3E4EA62AAABE1B0BB55482E680394784585A856EBE30F81D2AD160C
paper_geology_vesper_member_L114688_d0.1_s20260728,paper_geology_vesper_member,geological survey bulletin,114688,114644,0.1,179,both_correct,8.436896117000288,1,1,Vesper Member,Vesper Member,8.429437294999843,0.6580200230000628,12.810305158448102,7.923250938999445,0.04087714399975084,14.021582848,3.288287232,15.971909632,15.971909632,2002,0.01746275426537804,1,1,248,5B88C43332D4F7DBC4A0055742D84833C316190DC47C5E9172901C5431A42565
paper_geology_vesper_member_L114688_d0.5_s20260728,paper_geology_vesper_member,geological survey bulletin,114688,114654,0.5,895,both_correct,9.452165581999907,1,1,Vesper Member,Vesper Member,8.41694992199973,0.6482525390001683,12.984060093280322,7.93898157700005,0.0387345480003205,14.021613568,3.270174208,15.971909632,15.971909632,1818,0.015856402742163378,1,1,248,9BB0866637E3CF77C83B3588A7011A87F86A8F0730339F1E27749E9590E79492
paper_geology_vesper_member_L114688_d0.9_s20260728,paper_geology_vesper_member,geological survey bulletin,114688,114644,0.9,1610,both_correct,8.862110842999755,1,1,Vesper Member,Vesper Member,8.440875200999471,0.6552736270004971,12.881451126970303,7.964530169000682,0.04256697699929646,14.021582848,3.301425152,15.971909632,15.971909632,2134,0.018614144656501866,1,1,248,2C1D9B2DD3E232A9C8ABC34EEEFD8445D423EE8AB318A340CE783A2525C785CF
paper_clinical_nalorex_18mg_L114688_d0.1_s20260728,paper_clinical_nalorex_18mg,clinical protocol amendment,114688,114645,0.1,179,compiled_only,8.664028700999552,0,1,16 milligrams,18 milligrams,8.488124651999897,0.6860284519998459,12.372846384513807,7.971221603999766,0.041169307999552984,14.021586432,3.291987456,15.976103936,15.976103936,2047,0.017855117972872783,1,1,248,7A11AD8047CC08E3A712FDC99C326FBEAF1559934E10DF58CFBE5F15A398F71B
paper_clinical_nalorex_18mg_L114688_d0.5_s20260728,paper_clinical_nalorex_18mg,clinical protocol amendment,114688,114645,0.5,895,both_correct,8.793877864999558,1,1,18 milligrams,18 milligrams,8.474425783000697,0.681745507999949,12.430482758679696,7.95796825600064,0.042591666999214794,14.021586432,3.301121024,15.976103936,15.976103936,2128,0.01856164682280082,1,1,248,764024CF85A6DD25A2B68DBC0DA4B2CEAF2493E303E1218B9F8A9A9D01D144B8
paper_clinical_nalorex_18mg_L114688_d0.9_s20260728,paper_clinical_nalorex_18mg,clinical protocol amendment,114688,114645,0.9,1610,both_correct,8.980218432000584,1,1,18 milligrams,18 milligrams,8.491727261000051,0.6774756380000326,12.534365495515637,7.9697537990005,0.04043489000014233,14.021586432,3.281795584,15.976103936,15.976103936,1940,0.016921802084696236,1,1,248,0A460B4EA59BB6D5F70220EE2E5D3A63AE62EEC3EE3E4E2FCBB1033A530637AC
paper_archive_heron_case_L114688_d0.1_s20260728,paper_archive_heron_case,diplomatic archive inventory,114688,114653,0.1,178,both_correct,8.381696573000227,1,1,Heron,Heron,8.414570849000484,0.6217409299997598,13.533885969198995,7.9605642800006535,0.037149881000004825,14.021611008,3.261600256,15.976103936,15.976103936,1728,0.015071563761960002,0,1,248,ACA328C9CEEA504353CD44185220CA43D40C1D19FE63AD3B5D054C0867E5C63F
paper_archive_heron_case_L114688_d0.5_s20260728,paper_archive_heron_case,diplomatic archive inventory,114688,114653,0.5,896,both_correct,8.46580145200005,1,1,Heron,Heron,8.43802307399983,0.6240199079993545,13.522041469882975,7.975605431000076,0.03908356600004481,14.021611008,3.275223552,15.976103936,15.976103936,1871,0.01631880543902035,1,1,248,6882266BD3544535DEEDBE4F502F122219BFD9ED97ED6A657BBF3F7BAB8A469D
paper_archive_heron_case_L114688_d0.9_s20260728,paper_archive_heron_case,diplomatic archive inventory,114688,114648,0.9,1610,both_correct,10.056429428999763,1,1,Heron document case,Heron,8.466570950999994,0.6307685899992066,13.422626118733406,7.951116713000374,0.042489386999477574,14.021595136,3.300156928,15.976103936,15.976103936,2109,0.01839543646640151,1,1,248,14A09491AB7FD5F36694042DF9EA92D466B2C8D83EB1731B655981E957B8F351
paper_software_solstice_socket_L114688_d0.1_s20260728,paper_software_solstice_socket,software operations manual,114688,114645,0.1,178,both_correct,8.986060717000328,1,1,run/solstice/control.sock,run/solstice/control.sock,8.550647179000407,0.7266153870004928,11.767776091692658,7.975611335000394,0.0375366580001355,14.021586432,3.261697536,15.976103936,15.976103936,1729,0.015081338043525665,1,1,248,F723CCF5DEA483E0E39A4BCCB049F53CA53035891262824279A1171B1C1FD135
paper_software_solstice_socket_L114688_d0.5_s20260728,paper_software_solstice_socket,software operations manual,114688,114647,0.5,895,both_correct,8.513804995999635,1,1,run/solstice/control.sock,run/solstice/control.sock,8.54468019900014,0.7538035499992475,11.335420480586315,7.958609159999469,0.040444938000291586,14.021592576,3.281795584,15.976103936,15.976103936,1940,0.01692150688635551,1,1,248,F637DFE26642482F8488615A5E55B184806F1FFBF3D1094E58A2D0B3F42ABCD4
paper_software_solstice_socket_L114688_d0.9_s20260728,paper_software_solstice_socket,software operations manual,114688,114644,0.9,1610,both_correct,9.292912126999909,1,1,run/solstice/control.sock,run/solstice/control.sock,8.545112479000636,0.7431773610005621,11.498079634040646,7.962957912000093,0.03928619799989974,14.021582848,3.27665152,15.976103936,15.976103936,1886,0.016450926345905587,1,1,248,B0BC92EEAB0251EBAD9DEF14781E38F7E8AA1EA410E72DFEAEDB334D75349F01
paper_ecology_marrow_islet_L114688_d0.1_s20260728,paper_ecology_marrow_islet,coastal ecology census,114688,114650,0.1,179,compiled_only,8.724011899000288,0,1,Lantern Islet,Marrow Islet,8.511214501000723,0.6931977180001923,12.278191748170704,7.96402627200041,0.040709006999350095,14.02160128,3.283034112,15.976103936,15.976103936,1953,0.017034452682075884,1,1,248,3E704E17977984E1F60BDCE0D11AF47FECFEDD5A482479DFDA6AD1D6044A47C6
paper_ecology_marrow_islet_L114688_d0.5_s20260728,paper_ecology_marrow_islet,coastal ecology census,114688,114655,0.5,894,compiled_only,11.827494791999925,0,1,Lantern Islet,Marrow Islet,8.51727090300028,0.6806265899995196,12.513867410037994,7.967879164999431,0.038751205999687954,14.021617152,3.270460416,15.976103936,15.976103936,1821,0.015882429898390824,1,1,248,FE27337966D84D0B26018D22D277CDFAD5D0AC3B67B835159A80AE344DDD81D2
paper_ecology_marrow_islet_L114688_d0.9_s20260728,paper_ecology_marrow_islet,coastal ecology census,114688,114650,0.9,1610,compiled_only,9.012651079000534,0,1,Lantern Islet,Marrow Islet,8.506794324999646,0.6630526399994778,12.829742032256059,7.959818283999994,0.032804843000121764,14.02160128,3.22575104,15.976103936,15.976103936,1349,0.011766245093763629,1,1,248,3387047FE3D4C41C7302AD10A7AFC815703BD3E2B30CEA6BDDB984ED49DA7233
paper_rail_northstar_platform8_L114688_d0.1_s20260728,paper_rail_northstar_platform8,rail service notice,114688,114655,0.1,179,both_correct,8.327757031000147,1,1,8,8,8.393539392999628,0.5945485060001374,14.117501445706582,7.969973077999384,0.04226954099976865,14.021617152,3.297438208,15.976103936,15.976103936,2075,0.018097771575596354,1,1,248,334B957B11CD3B917578469B53E5FAE9675A455B90A15A7EDB8ED2EFFA9A767A
paper_rail_northstar_platform8_L114688_d0.5_s20260728,paper_rail_northstar_platform8,rail service notice,114688,114655,0.5,895,both_correct,8.459062021000136,1,1,8,8,8.396587870000076,0.5915228200001366,14.19486719041226,7.969099519000338,0.04101193600035913,14.021617152,3.288133632,15.976103936,15.976103936,2000,0.01744363525358685,1,1,248,EE3955710E3396B9EBD4574405B93F1175B53EF7A9AE6D82112F4D1B09D3F299
paper_rail_northstar_platform8_L114688_d0.9_s20260728,paper_rail_northstar_platform8,rail service notice,114688,114655,0.9,1611,both_correct,8.645689370000582,1,1,8,8,8.407380207000642,0.5797686680007246,14.501266920809414,7.9663838039996335,0.0404210159995273,14.021617152,3.282176512,15.976103936,15.976103936,1944,0.016955213466486416,1,1,248,D35ACC4B451A67D42FDF0B2280FBABEE8B17111ACC22D604373082F831FB9C83
paper_astronomy_polaris_field508_L114688_d0.1_s20260728,paper_astronomy_polaris_field508,observatory catalog revision,114688,114647,0.1,179,compiled_only,9.651413528000376,0,1,Polar Mosaic Five,Polaris Field 508,8.524028769999859,0.8073803229999612,10.557637493972303,7.967866958999366,0.044294355999227264,14.021592576,3.307524608,15.976103936,15.976103936,2188,0.019084668591415388,1,1,248,EC64261F02F339DF835C4526E2F1FF7366F94228D961708A659298FCCCAF86D4
paper_astronomy_polaris_field508_L114688_d0.5_s20260728,paper_astronomy_polaris_field508,observatory catalog revision,114688,114649,0.5,895,compiled_only,9.899252656000499,0,1,Polaris Field 580,Polaris Field 508,8.613130094999178,0.8125316820005537,10.600362159162316,7.980386096000075,0.04216762799933349,14.02159872,3.297521152,15.976103936,15.976103936,2081,0.018151052342366702,1,1,248,E2749568F25B04BFFBE297D8CFABFEAB2569ED28E6500135462C5825D31785C7
paper_astronomy_polaris_field508_L114688_d0.9_s20260728,paper_astronomy_polaris_field508,observatory catalog revision,114688,114649,0.9,1610,both_correct,9.978386767999837,1,1,Polaris Field 508,Polaris Field 508,8.589638285000547,0.8049948729994867,10.67042607736711,7.95228398800009,0.04094915600035165,14.02159872,3.288825344,15.976103936,15.976103936,2009,0.0175230486092334,1,1,248,9AEF1DCAB0B3A55ECE484E22956AB671A75D2E19C9F57EE02BD242F043822463
paper_maritime_beacon76_3_L114688_d0.1_s20260728,paper_maritime_beacon76_3,harbor communications directive,114688,114645,0.1,179,compiled_only,8.325727202999587,0,1,76.8 megahertz,76.3 megahertz,8.564479341000151,0.7882815840002877,10.86474619581754,7.958343612000135,0.04419770000004064,14.021586432,3.307524608,15.976103936,15.976103936,2188,0.01908500152645122,1,1,248,A8201DC4D1AAA5890FE399608B026E904F71B82716BD0089BE3A51090B818A0D
paper_maritime_beacon76_3_L114688_d0.5_s20260728,paper_maritime_beacon76_3,harbor communications directive,114688,114655,0.5,894,both_correct,8.874991779999618,1,1,76.3 megahertz,76.3 megahertz,8.56333001800067,0.7528144839998276,11.37508669134829,7.953969020999466,0.03274826199958625,14.021617152,3.22399232,15.976103936,15.976103936,1327,0.011573851990754874,1,1,248,705932CCA7E086331DE2EBC8351D260409ACC1F4D5604EABCD7D41F84FA8ABAF
paper_maritime_beacon76_3_L114688_d0.9_s20260728,paper_maritime_beacon76_3,harbor communications directive,114688,114647,0.9,1610,both_correct,9.703816368999469,1,1,76.3 kilohertz,76.3 megahertz,8.586226815000373,0.7723043050000342,11.117673123678875,7.965432437000345,0.03787955900043016,14.021592576,3.266268672,15.976103936,15.976103936,1777,0.015499751410852443,1,1,248,CD20A68E81283CBF2531FDDCDE6BC9AFA28CCA16D20BDA4C605FCE54F6D1C977
paper_council_vote19_6_L114688_d0.1_s20260728,paper_council_vote19_6,municipal council record,114688,114647,0.1,179,neither_correct,9.067442940000547,0,0,18 votes to 7,19,8.542287405000025,0.6354572310001458,13.442741679963769,7.966663234000407,0.039012276999528694,14.021592576,3.274556416,15.976103936,15.976103936,1864,0.016258602492869416,1,1,248,408583E3A686914BDD7CD67A221B0EC08D1F4F3536C7047F2C8171A82CD477EA
paper_council_vote19_6_L114688_d0.5_s20260728,paper_council_vote19_6,municipal council record,114688,114654,0.5,893,neither_correct,11.570634177999636,0,0,6-to-2,6-to-2,8.474083733000043,0.6840704950000145,12.38773459013148,7.960983707000196,0.03442395599995507,14.021613568,3.249885696,15.976103936,15.976103936,1605,0.013998639384583181,0,0,248,8A1588E4A817C3E987B24D781CEEBDE6567FA180B82E4F37A735F852C5B81612
paper_council_vote19_6_L114688_d0.9_s20260728,paper_council_vote19_6,municipal council record,114688,114647,0.9,1610,neither_correct,9.441628508000576,0,0,19,6-to-2,8.41076692200022,0.6845513919997757,12.286538337800907,7.955740561000312,0.03425279900056921,14.021592576,3.248645632,15.976103936,15.976103936,1592,0.013886102558287613,0,0,248,55475FADBAD656DE7B6E4FB15B95858028A7A80C9795C90559B9AFBE3E54467C
paper_museum_azurite_1911_L114688_d0.1_s20260728,paper_museum_azurite_1911,museum conservation dossier,114688,114648,0.1,179,compiled_only,9.010660158000064,0,1,1901,1911,8.475785362000352,0.6823795290001726,12.420925601943441,7.959425209000074,0.038541140999768686,14.021595136,3.268365312,15.976103936,15.976103936,1799,0.015691507919893936,1,1,248,272BAED958A4BE797790D5D54F889D0D06111DEFCCD2FD00D565D8AB86BEBE10
paper_museum_azurite_1911_L114688_d0.5_s20260728,paper_museum_azurite_1911,museum conservation dossier,114688,114648,0.5,895,both_correct,9.045981064999978,1,1,1911,1911,8.46901938100018,0.6877654429999893,12.313819292895634,7.951387987000089,0.04234911500043381,14.021595136,3.297368576,15.976103936,15.976103936,2070,0.018055264810550555,1,1,248,45434C88758536E90ADA2AA6A9A2A425832C3BA47E1CDB0B16C88D1DA3B2A9DB
paper_museum_azurite_1911_L114688_d0.9_s20260728,paper_museum_azurite_1911,museum conservation dossier,114688,114648,0.9,1610,both_correct,9.226970640000218,1,1,1911,1911,8.466884069000116,0.6715263129999585,12.608417429207483,7.954912156999853,0.0428192700001091,14.021595136,3.306791936,15.976103936,15.976103936,2174,0.018962389226153096,1,1,248,CE9F42E16D7CA9CDF574B28B928F3232546FAAC2D606FFE9D319CF99C11564D9
paper_agriculture_lumen_barley_L114688_d0.1_s20260728,paper_agriculture_lumen_barley,agricultural field-trial report,114688,114656,0.1,179,compiled_only,9.957375050999872,0,1,Meridian,Lumen,8.3947786359995,0.6279939610003566,13.367610450627778,7.939544249999926,0.04251148899948021,14.021619712,3.300868096,15.976103936,15.976103936,2123,0.018516257326262907,1,1,248,05ACDD076472780B70BB39C738B456F19B84FA5EA04661116E21B5BD758D3466
paper_agriculture_lumen_barley_L114688_d0.5_s20260728,paper_agriculture_lumen_barley,agricultural field-trial report,114688,114656,0.5,894,both_correct,10.06987759399999,1,1,Lumen,Lumen,8.412183827999797,0.5913137330007885,14.226261557142932,7.958304161000342,0.03036836899991613,14.021619712,3.204934656,15.976103936,15.976103936,1132,0.009873011442924923,1,1,248,E57405A56B7D8A425148D71E52E8516D5D3944DA98A30CF0615E85BE0B0990AD
paper_agriculture_lumen_barley_L114688_d0.9_s20260728,paper_agriculture_lumen_barley,agricultural field-trial report,114688,114656,0.9,1609,both_correct,10.230799316999764,1,1,Lumen,Lumen,8.41391569299958,0.5850898030003009,14.380554318078337,7.960538259999339,0.03717594499994448,14.021619712,3.260553216,15.976103936,15.976103936,1717,0.014975230253977114,1,1,248,3FBFFE27D22F4FD23F149F740E75DC2603127C5C4DEFDF11BCCE6B19D3A90526
paper_engineering_alloy_r62_L114688_d0.1_s20260728,paper_engineering_alloy_r62,turbopump maintenance specification,114688,114654,0.1,178,both_correct,8.396009432999563,1,1,R-62,R-62,8.484592726999836,0.689859470000556,12.299016098152565,7.96723631200075,0.0386369999996532,14.021613568,3.268460032,15.976103936,15.976103936,1800,0.015699408655607306,0,1,248,CEAD72EABA3A779C46B5835A23F257DB950EF05C855A192C29CC31DE62249198
paper_engineering_alloy_r62_L114688_d0.5_s20260728,paper_engineering_alloy_r62,turbopump maintenance specification,114688,114654,0.5,895,dense_only,8.516856568999174,1,0,R-62,304不锈钢,8.475090638999973,0.6868670619996919,12.338764089700627,7.95603990500058,0.03469247200064274,14.021613568,3.254535168,15.976103936,15.976103936,1646,0.014356237026183124,0,0,248,480E97285AADD4A95A025DA5FA22B279B49038BD888B041F89E0C46624D6AB9E
paper_engineering_alloy_r62_L114688_d0.9_s20260728,paper_engineering_alloy_r62,turbopump maintenance specification,114688,114653,0.9,1610,dense_only,10.047726597000292,1,0,R-62,3152,8.492347583000083,0.6911924100004398,12.286517415598759,7.969589976999487,0.03902521800046088,14.021611008,3.274175488,15.976103936,15.976103936,1860,0.01622286377155417,0,0,248,FC18CD148D65D0AE29397057E0DD23153783E2EBAAA004A44A44E56C14BF0273
paper_geology_vesper_member_L131072_d0.1_s20260728,paper_geology_vesper_member,geological survey bulletin,131072,131039,0.1,204,both_correct,12.620042823999938,1,1,Vesper Member,Vesper Member,10.604496350999398,0.7383505500001775,14.36241410126511,10.077192980999826,0.040377166000325815,15.582291456,3.283629056,17.769168896,17.769168896,1941,0.014812384099390258,1,1,255,E6A0335C1EC23926EC4C7E7671803FD0E1938DE9615B156B01B5DCD2B0EAE818
paper_geology_vesper_member_L131072_d0.5_s20260728,paper_geology_vesper_member,geological survey bulletin,131072,131027,0.5,1022,both_correct,14.519078768999861,1,1,Vesper Member,Vesper Member,10.676790284999697,0.6977299100008167,15.302182308605918,10.12850502099991,0.03425728000001982,15.582254592,3.24426496,17.769168896,17.769168896,1546,0.011799094843047616,1,1,255,35A2D336D73E41AC42E89B8495994901B38CA370ED03FFB6F20A32519946ED55
paper_geology_vesper_member_L131072_d0.9_s20260728,paper_geology_vesper_member,geological survey bulletin,131072,131033,0.9,1840,both_correct,12.704759504999856,1,1,Vesper Member,Vesper Member,10.668338810000023,0.6940902530004678,15.370247260903163,10.122929549000219,0.03799585000069783,15.582273024,3.267030528,17.769168896,17.769168896,1785,0.013622522570650141,1,1,255,FEE9A5A7E09D8B0F3CF3075B6D5E179884FE8A1929A099E4694235A51F7F5449
paper_clinical_nalorex_18mg_L131072_d0.1_s20260728,paper_clinical_nalorex_18mg,clinical protocol amendment,131072,131033,0.1,204,compiled_only,11.796129405000102,0,1,16 milligrams,18 milligrams,10.736287984000228,0.7680998879995968,13.977723668156377,10.151664367999729,0.04083776700008457,15.582273024,3.286654464,17.769168896,17.769168896,1991,0.01519464562362153,1,1,255,38B3A98D2092E21D08CFE7297C7A5C43FA92BBC8C7E5647DC61006B6844873B9
paper_clinical_nalorex_18mg_L131072_d0.5_s20260728,paper_clinical_nalorex_18mg,clinical protocol amendment,131072,131033,0.5,1023,both_correct,11.71770668299996,1,1,18 milligrams,18 milligrams,10.724939030999849,0.7688258830003178,13.949763227463318,10.129184157000054,0.03260886299995036,15.582273024,3.23921664,17.769168896,17.769168896,1493,0.011394076301389727,1,1,255,42466EADC7842997E95ACDD4F5D082DA12A51A175CB041CAA0C9124F64DF6B3C
paper_clinical_nalorex_18mg_L131072_d0.9_s20260728,paper_clinical_nalorex_18mg,clinical protocol amendment,131072,131033,0.9,1841,both_correct,11.96156576300018,1,1,18 milligrams,18 milligrams,10.735439525999936,0.7761638680003671,13.831408506115695,10.148117424999327,0.04049098399991635,15.582273024,3.284222976,17.769168896,17.769168896,1951,0.014889379011394076,1,1,255,A1E0CDD87F0B4979506271E2DFDD0B4C099F600AD26BF521EB9678DC297C1D65
paper_archive_heron_case_L131072_d0.1_s20260728,paper_archive_heron_case,diplomatic archive inventory,131072,131036,0.1,204,both_correct,13.671466241999951,1,1,Heron,Heron,10.62644946599994,0.6937842060006005,15.316649433773277,10.114817140000014,0.0414613119992282,15.582281728,3.285944832,17.769168896,17.769168896,1980,0.01511035135382643,1,1,255,2180E01271552AB41A47322126F178AA3DC232F9B15A52B8A1DD3CB155563DEE
paper_archive_heron_case_L131072_d0.5_s20260728,paper_archive_heron_case,diplomatic archive inventory,131072,131036,0.5,1022,both_correct,13.966168041999481,1,1,Heron document case,Heron,10.723485924999295,0.6983407660000012,15.355663663202611,10.122815174999232,0.03871160299968324,15.582281728,3.270460416,17.769168896,17.769168896,1821,0.01389694435117067,1,1,255,F7981D7E390091A0BF9AEEFD1C03218E9C85A442EDBCEC722C29B67ECF041FBF
paper_archive_heron_case_L131072_d0.9_s20260728,paper_archive_heron_case,diplomatic archive inventory,131072,131036,0.9,1840,both_correct,13.920889534999333,1,1,Heron document case,Heron,10.697588921000715,0.7136491679993924,14.989983034646828,10.120354540000335,0.037717805999818665,15.582281728,3.264268288,17.769168896,17.769168896,1756,0.01340089746329253,1,1,255,517C6B1F9A330B4A3ED975711792808092FEE0D06861F41DCD82F1C444056BEE
paper_software_solstice_socket_L131072_d0.1_s20260728,paper_software_solstice_socket,software operations manual,131072,131030,0.1,204,both_correct,12.683684560000074,1,1,run/solstice/control.sock,run/solstice/control.sock,10.779390284999863,0.7977511369999775,13.512221775749305,10.137306709999393,0.032392553000136104,15.582263296,3.23721472,17.769168896,17.769168896,1472,0.011234068533923528,1,1,255,1DB62D1DF0346658D393E92A6BB781CF6E7F36695C9EEF89A162527940B1D3B5
paper_software_solstice_socket_L131072_d0.5_s20260728,paper_software_solstice_socket,software operations manual,131072,131031,0.5,1022,both_correct,13.097669148000023,1,1,run/solstice/control.sock,run/solstice/control.sock,10.76175115300066,0.8357363920003991,12.87696845083123,10.118669903999944,0.039185945999633987,15.58226688,3.275223552,17.769168896,17.769168896,1871,0.014279063733009746,0,1,255,8989E6F97F681A81E38D37EB038DE93C8FFF2F0C7F9657DA32A6EFFD3243CAA2
paper_software_solstice_socket_L131072_d0.9_s20260728,paper_software_solstice_socket,software operations manual,131072,131031,0.9,1840,both_correct,13.162631682999745,1,1,run/solstice/control.sock,run/solstice/control.sock,10.769226305999837,0.8299185269997906,12.976245204371192,10.135051010000097,0.037793534000229556,15.58226688,3.26483968,17.769168896,17.769168896,1762,0.01344719951767139,1,1,255,08E896BE22BF1ADBF98DC06E09A858D163A48596DE53908A0A8D284CDCEC9241
paper_ecology_marrow_islet_L131072_d0.1_s20260728,paper_ecology_marrow_islet,coastal ecology census,131072,131031,0.1,204,compiled_only,12.611767401999714,0,1,Lantern Islet,Marrow Islet,10.763633436000418,0.749508469999455,14.36092301399642,10.132032219999928,0.032555011000113154,15.58226688,3.238073856,17.769168896,17.769168896,1481,0.011302668834092696,1,1,255,D528547477D423D614C12A73689CC2BD96E5F23D755A583F67340DDEF7B026E6
paper_ecology_marrow_islet_L131072_d0.5_s20260728,paper_ecology_marrow_islet,coastal ecology census,131072,131031,0.5,1023,compiled_only,12.7219671619996,0,1,Lantern Islet,Marrow Islet,10.76870237499952,0.76778150500013,14.025738188363494,10.144620372000645,0.04109308599981887,15.58226688,3.29027328,17.771266048,17.771266048,2029,0.015484885256160756,1,1,255,E13D86E4F9896BC7D8EF4052B86837BAA84FD9009F2FDF0685472772042375A8
paper_ecology_marrow_islet_L131072_d0.9_s20260728,paper_ecology_marrow_islet,coastal ecology census,131072,131031,0.9,1840,both_correct,12.87878071599971,1,1,Marrow Islet,Marrow Islet,10.712230244000239,0.7577060220000931,14.137712955908015,10.116042231999927,0.03719489299965062,15.58226688,3.259695616,17.771266048,17.771266048,1708,0.01303508330089826,1,1,255,3A3AA27AC48B14204A4D134812B56FFA164755A19D14E74D0D50E3E5DEEC1798
paper_rail_northstar_platform8_L131072_d0.1_s20260728,paper_rail_northstar_platform8,rail service notice,131072,131040,0.1,204,both_correct,12.534040298000036,1,1,8,8,10.630492056999174,0.6734464230003141,15.785208286709121,10.13096848800069,0.0389987389999078,15.582294016,3.273126912,17.771266048,17.771266048,1849,0.01411019536019536,0,1,255,6E536A8B88529663DF82FBFBF90818124C1833B0F79BBD249FCDE4E3CD8BC02E
paper_rail_northstar_platform8_L131072_d0.5_s20260728,paper_rail_northstar_platform8,rail service notice,131072,131040,0.5,1023,both_correct,12.652532737999536,1,1,8,8,10.598412940999879,0.667667287999393,15.873793926248958,10.112060485999791,0.03932811899994704,15.582294016,3.279032832,17.771266048,17.771266048,1911,0.014583333333333334,1,1,255,B5D71FB52551690E8B43A92426455EA8F4EA9029522CC326472473165FFC3993
paper_rail_northstar_platform8_L131072_d0.9_s20260728,paper_rail_northstar_platform8,rail service notice,131072,131040,0.9,1840,both_correct,12.865531985000416,1,1,8,8,10.584554328000195,0.6417233740003212,16.493951688278223,10.093212576000042,0.032684431999769004,15.582294016,3.241025536,17.771266048,17.771266048,1512,0.011538461538461539,1,1,255,B2AA5B80A7E04FA3AB5452435A08FFCB81581AFF3BF9D0CB9D384945B5213E24
paper_astronomy_polaris_field508_L131072_d0.1_s20260728,paper_astronomy_polaris_field508,observatory catalog revision,131072,131028,0.1,204,compiled_only,12.173565336999673,0,1,Polar Mosaic Five,Polaris Field 508,10.745842027000435,0.8927604900000006,12.036646051619543,10.130241038999884,0.03715397299947654,15.582257152,3.259513344,17.771266048,17.771266048,1706,0.013020117837408798,0,1,255,35552A26AB78EAA3101E822A1AFE79C63014041FDC67E7D829684AA7DAF707DF
paper_astronomy_polaris_field508_L131072_d0.5_s20260728,paper_astronomy_polaris_field508,observatory catalog revision,131072,131040,0.5,1023,neither_correct,12.766631451999274,0,0,Polar Mosaic Five,Polar Field 508,10.707188032999511,0.8527298399994834,12.556366073698086,10.097652784000275,0.040376371999627736,15.582294016,3.283510272,17.771266048,17.771266048,1939,0.014797008547008546,1,1,255,23C16C7E00B891CEA9127F91DF9490886B0BCA7BC2DB4AE88E7E6E777119DC0F
paper_astronomy_polaris_field508_L131072_d0.9_s20260728,paper_astronomy_polaris_field508,observatory catalog revision,131072,131040,0.9,1840,compiled_only,12.939974388000337,0,1,Polar Mosaic Five,Polaris Field 508,10.718427183999665,0.8915040909996605,12.02285810262619,10.118384157000037,0.042216040000312205,15.582294016,3.297232384,17.771266048,17.771266048,2084,0.015903540903540903,1,1,255,2FB762F681274765FA18BBD00C4AA84228B96B45CB45D8D14CB0E60258A66497
paper_maritime_beacon76_3_L131072_d0.1_s20260728,paper_maritime_beacon76_3,harbor communications directive,131072,131033,0.1,205,compiled_only,12.104394571999364,0,1,76.8 megahertz,76.3 megahertz,10.816774472999896,0.8757718240003669,12.351133225080057,10.145377178999297,0.04090299400013464,15.582273024,3.284816896,17.771266048,17.771266048,1961,0.01496569566445094,1,1,255,6FCC1FEFF7EBD20C00236A7C68F8C059C2E6D134B3A2C4349427104440CF88BD
paper_maritime_beacon76_3_L131072_d0.5_s20260728,paper_maritime_beacon76_3,harbor communications directive,131072,131027,0.5,1023,both_correct,11.885127386000022,1,1,76.3 megahertz,76.3 megahertz,10.813061733000723,0.8038491609995617,13.451605422533516,10.13866776299983,0.03281815700029256,15.582254592,3.192064,17.771266048,17.771266048,998,0.007616750746029444,1,1,255,9507FF9C53B506FF372316A09853D89D8D19432D1FC87BB725058CBD21A303DB
paper_maritime_beacon76_3_L131072_d0.9_s20260728,paper_maritime_beacon76_3,harbor communications directive,131072,131028,0.9,1839,both_correct,14.124507339000047,1,1,76.3 kilohertz,76.3 megahertz,10.802207298999747,0.8266874179998922,13.066858239036554,10.119908593999753,0.032688367000446306,15.582257152,3.239788032,17.771266048,17.771266048,1499,0.011440302836035046,0,1,255,35770FDA4274138B7F824CED36A1376450A3CCC4F4ABA2679A04626B1AFFDC45
paper_council_vote19_6_L131072_d0.1_s20260728,paper_council_vote19_6,municipal council record,131072,131037,0.1,204,neither_correct,11.710292115999437,0,0,16 votes to 7,19,10.766816347999338,0.7167747959992994,15.0211983011884,10.116288625999914,0.03409626699976798,15.582285312,3.246836736,17.771266048,17.771266048,1573,0.012004243076383007,0,1,255,BAFF5794A715037B22A79BE2A41DF2F156E2C0DBAD8CB1E122991DCA317AF48E
paper_council_vote19_6_L131072_d0.5_s20260728,paper_council_vote19_6,municipal council record,131072,131028,0.5,1021,neither_correct,12.204290863999631,0,0,6-to-2,6-to-2,10.706191541999942,0.7668988270006594,13.960370214506453,10.131116079999629,0.03886378399965906,15.582257152,3.271888384,17.771266048,17.771266048,1836,0.014012272186097628,0,0,255,14C26B7771DEF5FB7447CDA2C52035DEF1D5E12BD14FFC76AE127A8F2CE64C80
paper_council_vote19_6_L131072_d0.9_s20260728,paper_council_vote19_6,municipal council record,131072,131034,0.9,1841,neither_correct,12.331854701000339,0,0,19,6,10.655876535999596,0.6890778560000399,15.463965999219367,10.121230993000609,0.03948961900005088,15.582275584,3.271507456,17.771266048,17.771266048,1832,0.013981104140909993,0,0,255,3F7E8F18CAD3242695A383F0A06E72BACA9E903085161F785E447CE58FE5BEA2
paper_museum_azurite_1911_L131072_d0.1_s20260728,paper_museum_azurite_1911,museum conservation dossier,131072,131040,0.1,204,compiled_only,13.315049679999902,0,1,1941,1911,10.678691957999945,0.7616510669995478,14.020451648637007,10.115191550000418,0.0410123769997881,15.582294016,3.28630272,17.771266048,17.771266048,1986,0.015155677655677656,1,1,255,0A8D19B47457EC546E0F22DBA191596C8DC7538D676EEF992830304448FE4A04
paper_museum_azurite_1911_L131072_d0.5_s20260728,paper_museum_azurite_1911,museum conservation dossier,131072,131040,0.5,1023,both_correct,13.412251632000334,1,1,1911,1911,10.701273297000625,0.7799919839999347,13.719722146531087,10.116787580999699,0.04259854200063273,15.582294016,3.301863424,17.771266048,17.771266048,2134,0.016285103785103786,1,1,255,20CAD2818BA02811A0D79B4C89CC1D67365D653B78D976CB3792450520B80DB4
paper_museum_azurite_1911_L131072_d0.9_s20260728,paper_museum_azurite_1911,museum conservation dossier,131072,131040,0.9,1840,both_correct,13.592221650000283,1,1,1911,1911,10.71090966599968,0.7764014399999724,13.79558191700425,10.12393609800074,0.042275370999959705,15.582294016,3.296894464,17.771266048,17.771266048,2074,0.015827228327228327,1,1,255,2A878AC6A4DEFA91AEF96E3D618E97A70BF2444552936752B7985288B6DA6F69
paper_agriculture_lumen_barley_L131072_d0.1_s20260728,paper_agriculture_lumen_barley,agricultural field-trial report,131072,131033,0.1,204,compiled_only,12.10001616000045,0,1,Meridian,Lumen,10.660845448000146,0.7209191699994335,14.787851248300864,10.135534001000451,0.03428659000019252,15.582273024,3.248360448,17.771266048,17.771266048,1589,0.012126716170735616,1,1,255,7E17F3D2822A18DEBBB9AFA20F070E4C4EAE0EAAB2D43344B4CC1F55197A38D7
paper_agriculture_lumen_barley_L131072_d0.5_s20260728,paper_agriculture_lumen_barley,agricultural field-trial report,131072,131032,0.5,1023,both_correct,12.294505728000331,1,1,Lumen,Lumen,10.647732829000233,0.6861351440002181,15.51841925327301,10.116523842000788,0.0403339889999188,15.58226944,3.28055808,17.771266048,17.771266048,1927,0.014706331277855792,1,1,255,5DB91DB32625072EFA12DA202F33321AD4CC5276887693BBCC3CA4A9F68A2770
paper_agriculture_lumen_barley_L131072_d0.9_s20260728,paper_agriculture_lumen_barley,agricultural field-trial report,131072,131032,0.9,1841,both_correct,12.46295558699967,1,1,Lumen,Lumen,10.62386963500012,0.7124443309994604,14.911859316918568,10.11352793900005,0.03732739800034324,15.58226944,3.257989632,17.771266048,17.771266048,1684,0.012851822455583368,1,1,255,19513FB931FF27087EC3DD49291CDAF767B05D20C368D30ADFA3DAA039DCB109
paper_engineering_alloy_r62_L131072_d0.1_s20260728,paper_engineering_alloy_r62,turbopump maintenance specification,131072,131040,0.1,204,dense_only,11.703270541000165,1,0,R-62,3565,10.698755399999754,0.767417435000425,13.941246200633726,10.125983695000286,0.04225981900071929,15.582294016,3.297556992,17.771266048,17.771266048,2093,0.01597222222222222,0,0,255,83A6092DBF3ED4244CA9F3384AF42F1B05E5A79C1934BC5B199463A325BF6235
paper_engineering_alloy_r62_L131072_d0.5_s20260728,paper_engineering_alloy_r62,turbopump maintenance specification,131072,131038,0.5,1022,dense_only,13.923576305999632,1,0,R-62,3152,10.692407137999908,0.7850943589992312,13.619263742551459,10.113013199000306,0.04236717900039366,15.582287872,3.29828096,17.771266048,17.771266048,2107,0.016079305239701462,0,0,255,A6DAF11728FE48D35AC4A25C2BDAB207F2640F73E351547D4039CA3A8F29BBC6
paper_engineering_alloy_r62_L131072_d0.9_s20260728,paper_engineering_alloy_r62,turbopump maintenance specification,131072,131038,0.9,1840,dense_only,14.25858410299952,1,0,R-62,3152,10.73191816599956,0.7932385819995034,13.529243798187162,10.141404606999458,0.04241449599976477,15.582287872,3.29828096,17.771266048,17.771266048,2107,0.016079305239701462,0,0,255,28F548D518B13D5AB6412EDB57C93A5CCB166F58D66C65BB53078A85936CFCFB
